mode,n,m,instance,seed,algorithm,makespan,optimal_makespan,ratio,runtime_seconds
unidirectional,5,10,0,53026,ILP,10,10,1.0,0.007104423000782845
unidirectional,5,10,0,53026,REC,10,10,1.0,7.950100007292349e-05
unidirectional,5,10,0,53026,Heap-Based,10,10,1.0,5.371400038711727e-05
unidirectional,5,10,1,53027,ILP,12,12,1.0,0.014332830000057584
unidirectional,5,10,1,53027,REC,12,12,1.0,7.578699842269998e-05
unidirectional,5,10,1,53027,Heap-Based,12,12,1.0,5.1076998715871014e-05
unidirectional,5,10,2,53028,ILP,13,13,1.0,0.005376178000005893
unidirectional,5,10,2,53028,REC,13,13,1.0,8.714599971426651e-05
unidirectional,5,10,2,53028,Heap-Based,13,13,1.0,4.843900023843162e-05
unidirectional,5,10,3,53029,ILP,13,13,1.0,0.00512388000061037
unidirectional,5,10,3,53029,REC,13,13,1.0,6.295099956332706e-05
unidirectional,5,10,3,53029,Heap-Based,13,13,1.0,4.369100133772008e-05
unidirectional,5,10,4,53030,ILP,13,13,1.0,0.005496067999047227
unidirectional,5,10,4,53030,REC,13,13,1.0,5.654300002788659e-05
unidirectional,5,10,4,53030,Heap-Based,13,13,1.0,3.569900036382023e-05
unidirectional,5,10,5,53031,ILP,13,13,1.0,0.005589725000390899
unidirectional,5,10,5,53031,REC,13,13,1.0,7.363499935308937e-05
unidirectional,5,10,5,53031,Heap-Based,13,13,1.0,5.108600089442916e-05
unidirectional,5,10,6,53032,ILP,13,13,1.0,0.005791968000266934
unidirectional,5,10,6,53032,REC,13,13,1.0,8.803000127954874e-05
unidirectional,5,10,6,53032,Heap-Based,13,13,1.0,6.532100087497383e-05
unidirectional,5,10,7,53033,ILP,13,13,1.0,0.018601565998324077
unidirectional,5,10,7,53033,REC,13,13,1.0,7.101899973349646e-05
unidirectional,5,10,7,53033,Heap-Based,13,13,1.0,6.288000076892786e-05
unidirectional,5,10,8,53034,ILP,12,12,1.0,0.005590249000306358
unidirectional,5,10,8,53034,REC,12,12,1.0,7.138799992389977e-05
unidirectional,5,10,8,53034,Heap-Based,12,12,1.0,5.031199907534756e-05
unidirectional,5,10,9,53035,ILP,14,14,1.0,0.005105378000735072
unidirectional,5,10,9,53035,REC,14,14,1.0,6.538299930980429e-05
unidirectional,5,10,9,53035,Heap-Based,14,14,1.0,4.6192999434424564e-05
unidirectional,5,10,10,53036,ILP,12,12,1.0,0.005336621999958879
unidirectional,5,10,10,53036,REC,12,12,1.0,6.559299981745426e-05
unidirectional,5,10,10,53036,Heap-Based,12,12,1.0,4.523399911704473e-05
unidirectional,5,10,11,53037,ILP,14,14,1.0,0.0054339629987225635
unidirectional,5,10,11,53037,REC,14,14,1.0,7.303300117200706e-05
unidirectional,5,10,11,53037,Heap-Based,14,14,1.0,5.580499964707997e-05
unidirectional,5,10,12,53038,ILP,12,12,1.0,0.005579933000262827
unidirectional,5,10,12,53038,REC,12,12,1.0,6.207199839991517e-05
unidirectional,5,10,12,53038,Heap-Based,12,12,1.0,3.9537999327876605e-05
unidirectional,5,10,13,53039,ILP,12,12,1.0,0.00568298500002129
unidirectional,5,10,13,53039,REC,12,12,1.0,6.771100015612319e-05
unidirectional,5,10,13,53039,Heap-Based,12,12,1.0,4.663499930757098e-05
unidirectional,5,10,14,53040,ILP,11,11,1.0,0.005505560999154113
unidirectional,5,10,14,53040,REC,11,11,1.0,7.656900015717838e-05
unidirectional,5,10,14,53040,Heap-Based,11,11,1.0,4.340399937063921e-05
unidirectional,5,10,15,53041,ILP,14,14,1.0,0.005700351999621489
unidirectional,5,10,15,53041,REC,14,14,1.0,7.751500015729107e-05
unidirectional,5,10,15,53041,Heap-Based,14,14,1.0,6.26520013611298e-05
unidirectional,5,10,16,53042,ILP,13,13,1.0,0.006002382999213296
unidirectional,5,10,16,53042,REC,14,13,1.0769230769230769,9.285499982070178e-05
unidirectional,5,10,16,53042,Heap-Based,13,13,1.0,6.69250002829358e-05
unidirectional,5,10,17,53043,ILP,14,14,1.0,0.027170191000550403
unidirectional,5,10,17,53043,REC,14,14,1.0,8.494199937558733e-05
unidirectional,5,10,17,53043,Heap-Based,14,14,1.0,5.447900002764072e-05
unidirectional,5,10,18,53044,ILP,12,12,1.0,0.00508278000052087
unidirectional,5,10,18,53044,REC,12,12,1.0,8.73039989528479e-05
unidirectional,5,10,18,53044,Heap-Based,12,12,1.0,4.716399962489959e-05
unidirectional,5,10,19,53045,ILP,10,10,1.0,0.0074596440008463105
unidirectional,5,10,19,53045,REC,10,10,1.0,7.013999857008457e-05
unidirectional,5,10,19,53045,Heap-Based,10,10,1.0,3.7582998629659414e-05
unidirectional,5,10,20,53046,ILP,14,14,1.0,0.016560120000576717
unidirectional,5,10,20,53046,REC,14,14,1.0,9.694700020190794e-05
unidirectional,5,10,20,53046,Heap-Based,14,14,1.0,6.252000093809329e-05
unidirectional,5,10,21,53047,ILP,15,15,1.0,0.005507515001227148
unidirectional,5,10,21,53047,REC,15,15,1.0,7.715399988228455e-05
unidirectional,5,10,21,53047,Heap-Based,15,15,1.0,5.285599945636932e-05
unidirectional,5,10,22,53048,ILP,12,12,1.0,0.011255579000135185
unidirectional,5,10,22,53048,REC,12,12,1.0,9.049999971466605e-05
unidirectional,5,10,22,53048,Heap-Based,12,12,1.0,5.570400026044808e-05
unidirectional,5,10,23,53049,ILP,11,11,1.0,0.005448673999126186
unidirectional,5,10,23,53049,REC,11,11,1.0,8.314200022141449e-05
unidirectional,5,10,23,53049,Heap-Based,11,11,1.0,5.2088000302319415e-05
unidirectional,5,10,24,53050,ILP,13,13,1.0,0.005637432999719749
unidirectional,5,10,24,53050,REC,13,13,1.0,7.760200060147326e-05
unidirectional,5,10,24,53050,Heap-Based,13,13,1.0,4.2253999708918855e-05
unidirectional,5,10,25,53051,ILP,15,15,1.0,0.0050781310001184465
unidirectional,5,10,25,53051,REC,15,15,1.0,7.902600009401795e-05
unidirectional,5,10,25,53051,Heap-Based,15,15,1.0,4.90830007038312e-05
unidirectional,5,10,26,53052,ILP,14,14,1.0,0.0054505450007127365
unidirectional,5,10,26,53052,REC,14,14,1.0,8.402000094065443e-05
unidirectional,5,10,26,53052,Heap-Based,14,14,1.0,5.3200999900582246e-05
unidirectional,5,10,27,53053,ILP,11,11,1.0,0.005077718000393361
unidirectional,5,10,27,53053,REC,11,11,1.0,7.259999983943999e-05
unidirectional,5,10,27,53053,Heap-Based,11,11,1.0,4.8711000999901444e-05
unidirectional,5,10,28,53054,ILP,11,11,1.0,0.005060969000624027
unidirectional,5,10,28,53054,REC,11,11,1.0,7.374600136245135e-05
unidirectional,5,10,28,53054,Heap-Based,11,11,1.0,4.073099989909679e-05
unidirectional,5,10,29,53055,ILP,12,12,1.0,0.0052119450010650326
unidirectional,5,10,29,53055,REC,12,12,1.0,8.780600001045968e-05
unidirectional,5,10,29,53055,Heap-Based,12,12,1.0,4.6203998863347806e-05
unidirectional,5,10,30,53056,ILP,13,13,1.0,0.00647704299990437
unidirectional,5,10,30,53056,REC,13,13,1.0,8.697500015841797e-05
unidirectional,5,10,30,53056,Heap-Based,13,13,1.0,6.921699969097972e-05
unidirectional,5,10,31,53057,ILP,10,10,1.0,0.005109319999974105
unidirectional,5,10,31,53057,REC,10,10,1.0,7.648599967069458e-05
unidirectional,5,10,31,53057,Heap-Based,10,10,1.0,4.032299875689205e-05
unidirectional,5,10,32,53058,ILP,11,11,1.0,0.004949291000230005
unidirectional,5,10,32,53058,REC,11,11,1.0,7.17269995220704e-05
unidirectional,5,10,32,53058,Heap-Based,11,11,1.0,4.124400038563181e-05
unidirectional,5,20,0,54026,ILP,24,24,1.0,0.0055232590002560755
unidirectional,5,20,0,54026,REC,24,24,1.0,0.000139288000355009
unidirectional,5,20,0,54026,Heap-Based,24,24,1.0,8.816000081424136e-05
unidirectional,5,20,1,54027,ILP,20,20,1.0,0.00623061999976926
unidirectional,5,20,1,54027,REC,20,20,1.0,0.00012744099876726978
unidirectional,5,20,1,54027,Heap-Based,20,20,1.0,9.78520001808647e-05
unidirectional,5,20,2,54028,ILP,21,21,1.0,0.0062252899988379795
unidirectional,5,20,2,54028,REC,21,21,1.0,0.00013235600090411026
unidirectional,5,20,2,54028,Heap-Based,21,21,1.0,0.00010288500016031321
unidirectional,5,20,3,54029,ILP,22,22,1.0,0.019052349000048707
unidirectional,5,20,3,54029,REC,22,22,1.0,0.00014514900067297276
unidirectional,5,20,3,54029,Heap-Based,22,22,1.0,0.00010422100058349315
unidirectional,5,20,4,54030,ILP,17,17,1.0,0.01233954799863568
unidirectional,5,20,4,54030,REC,17,17,1.0,0.00012069200056430418
unidirectional,5,20,4,54030,Heap-Based,17,17,1.0,6.816000131948385e-05
unidirectional,5,20,5,54031,ILP,21,21,1.0,0.005027881001296919
unidirectional,5,20,5,54031,REC,21,21,1.0,0.00012921500092488714
unidirectional,5,20,5,54031,Heap-Based,21,21,1.0,7.210400144685991e-05
unidirectional,5,20,6,54032,ILP,22,22,1.0,0.004820572999960859
unidirectional,5,20,6,54032,REC,22,22,1.0,0.0001188730002468219
unidirectional,5,20,6,54032,Heap-Based,22,22,1.0,7.65269996918505e-05
unidirectional,5,20,7,54033,ILP,13,13,1.0,0.0058364970009279205
unidirectional,5,20,7,54033,REC,13,13,1.0,9.510199924989138e-05
unidirectional,5,20,7,54033,Heap-Based,13,13,1.0,6.744599886587821e-05
unidirectional,5,20,8,54034,ILP,23,23,1.0,0.007767032000629115
unidirectional,5,20,8,54034,REC,23,23,1.0,0.00019529499877535272
unidirectional,5,20,8,54034,Heap-Based,23,23,1.0,0.00010201599980064202
unidirectional,5,20,9,54035,ILP,22,22,1.0,0.0059506010002223775
unidirectional,5,20,9,54035,REC,22,22,1.0,0.00012461799997254275
unidirectional,5,20,9,54035,Heap-Based,22,22,1.0,9.686199882708024e-05
unidirectional,5,20,10,54036,ILP,22,22,1.0,0.02220914499957871
unidirectional,5,20,10,54036,REC,22,22,1.0,0.00011818300117738545
unidirectional,5,20,10,54036,Heap-Based,22,22,1.0,0.00010464800107001793
unidirectional,5,20,11,54037,ILP,25,25,1.0,0.008608559001004323
unidirectional,5,20,11,54037,REC,25,25,1.0,0.0001654959996812977
unidirectional,5,20,11,54037,Heap-Based,25,25,1.0,0.00013512899931811262
unidirectional,5,20,12,54038,ILP,19,19,1.0,0.008100435999949696
unidirectional,5,20,12,54038,REC,19,19,1.0,0.00011594700117711909
unidirectional,5,20,12,54038,Heap-Based,19,19,1.0,9.535899880575016e-05
unidirectional,5,20,13,54039,ILP,25,25,1.0,0.007623343999512144
unidirectional,5,20,13,54039,REC,25,25,1.0,0.0001498829988122452
unidirectional,5,20,13,54039,Heap-Based,25,25,1.0,0.00011506299961183686
unidirectional,5,20,14,54040,ILP,20,20,1.0,0.005173053999897093
unidirectional,5,20,14,54040,REC,20,20,1.0,0.00013560999832407106
unidirectional,5,20,14,54040,Heap-Based,20,20,1.0,9.067600149137434e-05
unidirectional,5,20,15,54041,ILP,24,24,1.0,0.0052714860012201825
unidirectional,5,20,15,54041,REC,24,24,1.0,0.00011297000128251966
unidirectional,5,20,15,54041,Heap-Based,24,24,1.0,7.776600068609696e-05
unidirectional,5,20,16,54042,ILP,20,20,1.0,0.007032027999230195
unidirectional,5,20,16,54042,REC,20,20,1.0,0.0001261670004168991
unidirectional,5,20,16,54042,Heap-Based,20,20,1.0,8.847400022204965e-05
unidirectional,5,20,17,54043,ILP,21,21,1.0,0.008749434000492329
unidirectional,5,20,17,54043,REC,21,21,1.0,0.00016473799951199908
unidirectional,5,20,17,54043,Heap-Based,21,21,1.0,0.0001239829998667119
unidirectional,5,20,18,54044,ILP,19,19,1.0,0.007004238999797963
unidirectional,5,20,18,54044,REC,19,19,1.0,0.00013319400022737682
unidirectional,5,20,18,54044,Heap-Based,19,19,1.0,9.078899893211201e-05
unidirectional,5,20,19,54045,ILP,16,16,1.0,0.005145420998815098
unidirectional,5,20,19,54045,REC,16,16,1.0,0.00010121200102730654
unidirectional,5,20,19,54045,Heap-Based,16,16,1.0,5.459100066218525e-05
unidirectional,5,20,20,54046,ILP,24,24,1.0,0.006874378999782493
unidirectional,5,20,20,54046,REC,24,24,1.0,0.00014882600044074934
unidirectional,5,20,20,54046,Heap-Based,24,24,1.0,0.0001036079993355088
unidirectional,5,20,21,54047,ILP,23,23,1.0,0.005589227001109975
unidirectional,5,20,21,54047,REC,23,23,1.0,0.00011971399908361491
unidirectional,5,20,21,54047,Heap-Based,23,23,1.0,8.071199954429176e-05
unidirectional,5,20,22,54048,ILP,21,21,1.0,0.008888496000508894
unidirectional,5,20,22,54048,REC,21,21,1.0,0.0001415229999111034
unidirectional,5,20,22,54048,Heap-Based,21,21,1.0,0.00010261199895467144
unidirectional,5,20,23,54049,ILP,20,20,1.0,0.006894319998536957
unidirectional,5,20,23,54049,REC,20,20,1.0,0.00012297700050112326
unidirectional,5,20,23,54049,Heap-Based,20,20,1.0,9.574799878464546e-05
unidirectional,5,20,24,54050,ILP,22,22,1.0,0.0056648830013728
unidirectional,5,20,24,54050,REC,22,22,1.0,0.00012321000031079166
unidirectional,5,20,24,54050,Heap-Based,22,22,1.0,0.00010372400174674112
unidirectional,5,20,25,54051,ILP,21,21,1.0,0.006434293998609064
unidirectional,5,20,25,54051,REC,21,21,1.0,0.00011414899927331135
unidirectional,5,20,25,54051,Heap-Based,21,21,1.0,9.133200001087971e-05
unidirectional,5,20,26,54052,ILP,17,17,1.0,0.006829435998952249
unidirectional,5,20,26,54052,REC,17,17,1.0,0.0001142170003731735
unidirectional,5,20,26,54052,Heap-Based,17,17,1.0,8.364899986190721e-05
unidirectional,5,20,27,54053,ILP,22,22,1.0,0.0056847220002964605
unidirectional,5,20,27,54053,REC,22,22,1.0,0.00013114200010022614
unidirectional,5,20,27,54053,Heap-Based,22,22,1.0,8.519700168108102e-05
unidirectional,5,20,28,54054,ILP,23,23,1.0,0.09434007200070482
unidirectional,5,20,28,54054,REC,23,23,1.0,0.00016384000082325656
unidirectional,5,20,28,54054,Heap-Based,23,23,1.0,0.00012158099889347795
unidirectional,5,20,29,54055,ILP,25,25,1.0,0.0063057920015126
unidirectional,5,20,29,54055,REC,25,25,1.0,0.00012976799916941673
unidirectional,5,20,29,54055,Heap-Based,25,25,1.0,0.00011224099944229238
unidirectional,5,20,30,54056,ILP,11,11,1.0,0.0057697280008142116
unidirectional,5,20,30,54056,REC,11,11,1.0,0.00011093300054199062
unidirectional,5,20,30,54056,Heap-Based,11,11,1.0,5.2347999371704645e-05
unidirectional,5,20,31,54057,ILP,19,19,1.0,0.007619055000759545
unidirectional,5,20,31,54057,REC,19,19,1.0,0.00014983300025050994
unidirectional,5,20,31,54057,Heap-Based,19,19,1.0,0.00010218700117547996
unidirectional,5,20,32,54058,ILP,22,22,1.0,0.006761280999853625
unidirectional,5,20,32,54058,REC,22,22,1.0,0.00013601899991044775
unidirectional,5,20,32,54058,Heap-Based,22,22,1.0,9.174600018013734e-05
unidirectional,5,30,0,55026,ILP,21,21,1.0,0.007120684998881188
unidirectional,5,30,0,55026,REC,21,21,1.0,0.0001712180001050001
unidirectional,5,30,0,55026,Heap-Based,21,21,1.0,0.00011855000047944486
unidirectional,5,30,1,55027,ILP,32,32,1.0,0.006655108998529613
unidirectional,5,30,1,55027,REC,32,32,1.0,0.00021478300004673656
unidirectional,5,30,1,55027,Heap-Based,32,32,1.0,0.00015714499932073522
unidirectional,5,30,2,55028,ILP,35,35,1.0,0.008510385001500254
unidirectional,5,30,2,55028,REC,35,35,1.0,0.00023357499958365224
unidirectional,5,30,2,55028,Heap-Based,35,35,1.0,0.00018015800014836714
unidirectional,5,30,3,55029,ILP,32,32,1.0,0.006000432998916949
unidirectional,5,30,3,55029,REC,32,32,1.0,0.00020608200065908022
unidirectional,5,30,3,55029,Heap-Based,32,32,1.0,0.0001562629986437969
unidirectional,5,30,4,55030,ILP,23,23,1.0,0.007375212999249925
unidirectional,5,30,4,55030,REC,23,23,1.0,0.00018932599959953222
unidirectional,5,30,4,55030,Heap-Based,23,23,1.0,0.0001291250009671785
unidirectional,5,30,5,55031,ILP,26,26,1.0,0.010506238999369089
unidirectional,5,30,5,55031,REC,26,26,1.0,0.00021042300068074837
unidirectional,5,30,5,55031,Heap-Based,26,26,1.0,0.00014592899970011786
unidirectional,5,30,6,55032,ILP,28,28,1.0,0.016826958000820014
unidirectional,5,30,6,55032,REC,28,28,1.0,0.00021224000010988675
unidirectional,5,30,6,55032,Heap-Based,28,28,1.0,0.00014333100079966243
unidirectional,5,30,7,55033,ILP,32,32,1.0,0.010196985000220593
unidirectional,5,30,7,55033,REC,32,32,1.0,0.0002517480006645201
unidirectional,5,30,7,55033,Heap-Based,32,32,1.0,0.00019314500059408601
unidirectional,5,30,8,55034,ILP,26,26,1.0,0.008834223999656388
unidirectional,5,30,8,55034,REC,26,26,1.0,0.0002145489997928962
unidirectional,5,30,8,55034,Heap-Based,26,26,1.0,0.00014675300008093473
unidirectional,5,30,9,55035,ILP,25,25,1.0,0.006577006999577861
unidirectional,5,30,9,55035,REC,25,25,1.0,0.0001314510009251535
unidirectional,5,30,9,55035,Heap-Based,25,25,1.0,7.768099931126926e-05
unidirectional,5,30,10,55036,ILP,32,32,1.0,0.009280715999921085
unidirectional,5,30,10,55036,REC,32,32,1.0,0.0002399340010015294
unidirectional,5,30,10,55036,Heap-Based,32,32,1.0,0.00019055499979003798
unidirectional,5,30,11,55037,ILP,31,31,1.0,0.008715341000424814
unidirectional,5,30,11,55037,REC,31,31,1.0,0.00022863000049255788
unidirectional,5,30,11,55037,Heap-Based,31,31,1.0,0.00015412900029332377
unidirectional,5,30,12,55038,ILP,31,31,1.0,0.017072098000426195
unidirectional,5,30,12,55038,REC,31,31,1.0,0.00026632099979906343
unidirectional,5,30,12,55038,Heap-Based,31,31,1.0,0.00021970200032228604
unidirectional,5,30,13,55039,ILP,27,27,1.0,0.008706458000233397
unidirectional,5,30,13,55039,REC,27,27,1.0,0.0002061060004052706
unidirectional,5,30,13,55039,Heap-Based,27,27,1.0,0.00013916100033384282
unidirectional,5,30,14,55040,ILP,26,26,1.0,0.005754484000135562
unidirectional,5,30,14,55040,REC,26,26,1.0,0.00017675900016911328
unidirectional,5,30,14,55040,Heap-Based,26,26,1.0,0.00012327100012043957
unidirectional,5,30,15,55041,ILP,28,28,1.0,0.007309017999432399
unidirectional,5,30,15,55041,REC,28,28,1.0,0.0001872690008895006
unidirectional,5,30,15,55041,Heap-Based,28,28,1.0,0.0001342430005024653
unidirectional,5,30,16,55042,ILP,24,24,1.0,0.00543918599942117
unidirectional,5,30,16,55042,REC,24,24,1.0,0.00016333300118276384
unidirectional,5,30,16,55042,Heap-Based,24,24,1.0,0.00011542399988684338
unidirectional,5,30,17,55043,ILP,32,32,1.0,0.009796465999897919
unidirectional,5,30,17,55043,REC,32,32,1.0,0.0002483990010659909
unidirectional,5,30,17,55043,Heap-Based,32,32,1.0,0.00017650500012678094
unidirectional,5,30,18,55044,ILP,26,26,1.0,0.01198685400049726
unidirectional,5,30,18,55044,REC,26,26,1.0,0.000234021999858669
unidirectional,5,30,18,55044,Heap-Based,26,26,1.0,0.00017321700033789966
unidirectional,5,30,19,55045,ILP,21,21,1.0,0.005576290999670164
unidirectional,5,30,19,55045,REC,21,21,1.0,0.00015871699906711
unidirectional,5,30,19,55045,Heap-Based,21,21,1.0,7.618100062245503e-05
unidirectional,5,30,20,55046,ILP,30,30,1.0,0.008904844000426237
unidirectional,5,30,20,55046,REC,30,30,1.0,0.0002462069987814175
unidirectional,5,30,20,55046,Heap-Based,30,30,1.0,0.00019769000027736183
unidirectional,5,30,21,55047,ILP,30,30,1.0,0.008483003000947065
unidirectional,5,30,21,55047,REC,30,30,1.0,0.00019188799888070207
unidirectional,5,30,21,55047,Heap-Based,30,30,1.0,0.00012426600005710497
unidirectional,5,30,22,55048,ILP,32,32,1.0,0.009868377999737277
unidirectional,5,30,22,55048,REC,32,32,1.0,0.00026440299916430376
unidirectional,5,30,22,55048,Heap-Based,32,32,1.0,0.0002085839987557847
unidirectional,5,30,23,55049,ILP,27,27,1.0,0.008614719999968656
unidirectional,5,30,23,55049,REC,27,27,1.0,0.0002001289994950639
unidirectional,5,30,23,55049,Heap-Based,27,27,1.0,0.0001357690016448032
unidirectional,5,30,24,55050,ILP,32,32,1.0,0.008524326000042493
unidirectional,5,30,24,55050,REC,32,32,1.0,0.00022407799951906782
unidirectional,5,30,24,55050,Heap-Based,32,32,1.0,0.00016568600040045567
unidirectional,5,30,25,55051,ILP,25,25,1.0,0.006957423000130802
unidirectional,5,30,25,55051,REC,25,25,1.0,0.00019740700008696876
unidirectional,5,30,25,55051,Heap-Based,25,25,1.0,0.00013531599870475475
unidirectional,5,30,26,55052,ILP,33,33,1.0,0.015444128999661189
unidirectional,5,30,26,55052,REC,33,33,1.0,0.00021078099962323904
unidirectional,5,30,26,55052,Heap-Based,33,33,1.0,0.00015233100020850543
unidirectional,5,30,27,55053,ILP,20,20,1.0,0.005185529998925631
unidirectional,5,30,27,55053,REC,20,20,1.0,0.00015898299898253754
unidirectional,5,30,27,55053,Heap-Based,20,20,1.0,8.624400106782559e-05
unidirectional,5,30,28,55054,ILP,34,34,1.0,0.022535089001394226
unidirectional,5,30,28,55054,REC,34,34,1.0,0.0002836839994415641
unidirectional,5,30,28,55054,Heap-Based,34,34,1.0,0.00022838400036562234
unidirectional,5,30,29,55055,ILP,28,28,1.0,0.005930049001108273
unidirectional,5,30,29,55055,REC,28,28,1.0,0.0001822200010792585
unidirectional,5,30,29,55055,Heap-Based,28,28,1.0,0.00012196299940114841
unidirectional,5,30,30,55056,ILP,25,25,1.0,0.005433805999928154
unidirectional,5,30,30,55056,REC,25,25,1.0,0.00014568999904440716
unidirectional,5,30,30,55056,Heap-Based,25,25,1.0,9.864499952527694e-05
unidirectional,5,30,31,55057,ILP,22,22,1.0,0.005521654000403942
unidirectional,5,30,31,55057,REC,22,22,1.0,0.000172597998243873
unidirectional,5,30,31,55057,Heap-Based,22,22,1.0,9.457099986320827e-05
unidirectional,5,30,32,55058,ILP,31,31,1.0,0.012125302000640659
unidirectional,5,30,32,55058,REC,31,31,1.0,0.000262601999565959
unidirectional,5,30,32,55058,Heap-Based,31,31,1.0,0.00020442999993974809
unidirectional,5,40,0,56026,ILP,39,39,1.0,0.006796878000386641
unidirectional,5,40,0,56026,REC,39,39,1.0,0.00027417300043452997
unidirectional,5,40,0,56026,Heap-Based,39,39,1.0,0.00018043800082523376
unidirectional,5,40,1,56027,ILP,32,32,1.0,0.009403171001395094
unidirectional,5,40,1,56027,REC,32,32,1.0,0.00029573099891422316
unidirectional,5,40,1,56027,Heap-Based,32,32,1.0,0.00019699900076375343
unidirectional,5,40,2,56028,ILP,37,37,1.0,0.00795948000086355
unidirectional,5,40,2,56028,REC,37,37,1.0,0.0002766430006886367
unidirectional,5,40,2,56028,Heap-Based,37,37,1.0,0.00020570100059558172
unidirectional,5,40,3,56029,ILP,36,36,1.0,0.011195245000635623
unidirectional,5,40,3,56029,REC,36,36,1.0,0.00033000300027197227
unidirectional,5,40,3,56029,Heap-Based,36,36,1.0,0.00022854400049254764
unidirectional,5,40,4,56030,ILP,36,36,1.0,0.012033323999276035
unidirectional,5,40,4,56030,REC,36,36,1.0,0.00035524200029612985
unidirectional,5,40,4,56030,Heap-Based,36,36,1.0,0.0002525059990148293
unidirectional,5,40,5,56031,ILP,39,39,1.0,0.019656178999866825
unidirectional,5,40,5,56031,REC,39,39,1.0,0.0003824559989880072
unidirectional,5,40,5,56031,Heap-Based,39,39,1.0,0.0002974989984068088
unidirectional,5,40,6,56032,ILP,40,40,1.0,0.00686622299872397
unidirectional,5,40,6,56032,REC,40,40,1.0,0.0002579529991635354
unidirectional,5,40,6,56032,Heap-Based,40,40,1.0,0.00018397799976810347
unidirectional,5,40,7,56033,ILP,31,31,1.0,0.009536593999655452
unidirectional,5,40,7,56033,REC,31,31,1.0,0.0002996299990627449
unidirectional,5,40,7,56033,Heap-Based,31,31,1.0,0.00020552400019369088
unidirectional,5,40,8,56034,ILP,28,28,1.0,0.008742608999455115
unidirectional,5,40,8,56034,REC,28,28,1.0,0.0002845600010914495
unidirectional,5,40,8,56034,Heap-Based,28,28,1.0,0.0001737059992592549
unidirectional,5,40,9,56035,ILP,27,27,1.0,0.005678428999090102
unidirectional,5,40,9,56035,REC,27,27,1.0,0.00021779300004709512
unidirectional,5,40,9,56035,Heap-Based,27,27,1.0,0.0001084790001186775
unidirectional,5,40,10,56036,ILP,35,35,1.0,0.00956529699942621
unidirectional,5,40,10,56036,REC,35,35,1.0,0.0003004299996973714
unidirectional,5,40,10,56036,Heap-Based,35,35,1.0,0.00019707600040419493
unidirectional,5,40,11,56037,ILP,37,37,1.0,0.0064817109996511135
unidirectional,5,40,11,56037,REC,37,37,1.0,0.0002623069995024707
unidirectional,5,40,11,56037,Heap-Based,37,37,1.0,0.00017235100131074432
unidirectional,5,40,12,56038,ILP,39,39,1.0,0.02057097800025076
unidirectional,5,40,12,56038,REC,39,39,1.0,0.0003431740005908068
unidirectional,5,40,12,56038,Heap-Based,39,39,1.0,0.00026578500001051
unidirectional,5,40,13,56039,ILP,33,33,1.0,0.012295638998693903
unidirectional,5,40,13,56039,REC,33,33,1.0,0.00030256199897849
unidirectional,5,40,13,56039,Heap-Based,33,33,1.0,0.00020574600057443604
unidirectional,5,40,14,56040,ILP,19,19,1.0,0.005893626001125085
unidirectional,5,40,14,56040,REC,19,19,1.0,0.00017222799942828715
unidirectional,5,40,14,56040,Heap-Based,19,19,1.0,6.854099956399295e-05
unidirectional,5,40,15,56041,ILP,38,38,1.0,0.01856971400047769
unidirectional,5,40,15,56041,REC,38,38,1.0,0.00034775600033754017
unidirectional,5,40,15,56041,Heap-Based,38,38,1.0,0.00026786700072989333
unidirectional,5,40,16,56042,ILP,44,44,1.0,0.009001467000416596
unidirectional,5,40,16,56042,REC,44,44,1.0,0.0003671489994303556
unidirectional,5,40,16,56042,Heap-Based,44,44,1.0,0.00031014499836601317
unidirectional,5,40,17,56043,ILP,40,40,1.0,0.009523403999992297
unidirectional,5,40,17,56043,REC,40,40,1.0,0.0003254999992350349
unidirectional,5,40,17,56043,Heap-Based,40,40,1.0,0.00026564499967207666
unidirectional,5,40,18,56044,ILP,38,38,1.0,0.012581826000314322
unidirectional,5,40,18,56044,REC,38,38,1.0,0.0003892540007655043
unidirectional,5,40,18,56044,Heap-Based,38,38,1.0,0.00027178199889021926
unidirectional,5,40,19,56045,ILP,37,37,1.0,0.014750079999430454
unidirectional,5,40,19,56045,REC,37,37,1.0,0.00037732900091214105
unidirectional,5,40,19,56045,Heap-Based,37,37,1.0,0.0002932999996119179
unidirectional,5,40,20,56046,ILP,38,38,1.0,0.00915014200108999
unidirectional,5,40,20,56046,REC,38,38,1.0,0.000279586000033305
unidirectional,5,40,20,56046,Heap-Based,38,38,1.0,0.00019052000061492436
unidirectional,5,40,21,56047,ILP,39,39,1.0,0.01266253599897027
unidirectional,5,40,21,56047,REC,39,39,1.0,0.00036452200038183946
unidirectional,5,40,21,56047,Heap-Based,39,39,1.0,0.00026669599901651964
unidirectional,5,40,22,56048,ILP,23,23,1.0,0.0064698860005592
unidirectional,5,40,22,56048,REC,23,23,1.0,0.0002502999996067956
unidirectional,5,40,22,56048,Heap-Based,23,23,1.0,0.00013337100062926766
unidirectional,5,40,23,56049,ILP,39,39,1.0,0.014473582999926293
unidirectional,5,40,23,56049,REC,39,39,1.0,0.00037069300014991313
unidirectional,5,40,23,56049,Heap-Based,39,39,1.0,0.00026579299992590677
unidirectional,5,40,24,56050,ILP,34,34,1.0,0.006515424000099301
unidirectional,5,40,24,56050,REC,34,34,1.0,0.0002754619999905117
unidirectional,5,40,24,56050,Heap-Based,34,34,1.0,0.00017123999896284658
unidirectional,5,40,25,56051,ILP,44,44,1.0,0.006505909999759751
unidirectional,5,40,25,56051,REC,44,44,1.0,0.00027670700001181103
unidirectional,5,40,25,56051,Heap-Based,44,44,1.0,0.00020217400015098974
unidirectional,5,40,26,56052,ILP,30,30,1.0,0.007110291000572033
unidirectional,5,40,26,56052,REC,30,30,1.0,0.00022159299987833947
unidirectional,5,40,26,56052,Heap-Based,30,30,1.0,0.00013665300139109604
unidirectional,5,40,27,56053,ILP,41,41,1.0,0.008374267999897711
unidirectional,5,40,27,56053,REC,41,41,1.0,0.000330660001054639
unidirectional,5,40,27,56053,Heap-Based,41,41,1.0,0.000259893000475131
unidirectional,5,40,28,56054,ILP,43,43,1.0,0.01288806599950476
unidirectional,5,40,28,56054,REC,43,43,1.0,0.0003535719988576602
unidirectional,5,40,28,56054,Heap-Based,43,43,1.0,0.00025866900068649556
unidirectional,5,40,29,56055,ILP,31,31,1.0,0.00693661900004372
unidirectional,5,40,29,56055,REC,31,31,1.0,0.00025230900064343587
unidirectional,5,40,29,56055,Heap-Based,31,31,1.0,0.00014972600001783576
unidirectional,5,40,30,56056,ILP,37,37,1.0,0.010016188000008697
unidirectional,5,40,30,56056,REC,37,37,1.0,0.0003392039998288965
unidirectional,5,40,30,56056,Heap-Based,37,37,1.0,0.0002517930006433744
unidirectional,5,40,31,56057,ILP,45,45,1.0,0.0157450560000143
unidirectional,5,40,31,56057,REC,45,45,1.0,0.000399831998947775
unidirectional,5,40,31,56057,Heap-Based,45,45,1.0,0.0003133369991701329
unidirectional,5,40,32,56058,ILP,40,40,1.0,0.028079144000002998
unidirectional,5,40,32,56058,REC,40,40,1.0,0.00030645300103060436
unidirectional,5,40,32,56058,Heap-Based,40,40,1.0,0.00021605300025839824
unidirectional,10,10,0,103026,ILP,16,16,1.0,0.04441544499968586
unidirectional,10,10,0,103026,REC,16,16,1.0,0.00014299299982667435
unidirectional,10,10,0,103026,Heap-Based,16,16,1.0,9.363800018036272e-05
unidirectional,10,10,1,103027,ILP,14,14,1.0,0.07278716300061205
unidirectional,10,10,1,103027,REC,14,14,1.0,0.00020967699856555555
unidirectional,10,10,1,103027,Heap-Based,14,14,1.0,8.579600034863688e-05
unidirectional,10,10,2,103028,ILP,14,14,1.0,0.31912990500131855
unidirectional,10,10,2,103028,REC,14,14,1.0,0.00017671600107860286
unidirectional,10,10,2,103028,Heap-Based,14,14,1.0,0.00011816400001407601
unidirectional,10,10,3,103029,ILP,13,13,1.0,0.03441399000075762
unidirectional,10,10,3,103029,REC,13,13,1.0,0.00014690500029246323
unidirectional,10,10,3,103029,Heap-Based,13,13,1.0,7.610200009366963e-05
unidirectional,10,10,4,103030,ILP,11,11,1.0,0.04036398400057806
unidirectional,10,10,4,103030,REC,11,11,1.0,0.00015072899986989796
unidirectional,10,10,4,103030,Heap-Based,11,11,1.0,7.668100079172291e-05
unidirectional,10,10,5,103031,ILP,11,11,1.0,0.05893730200114078
unidirectional,10,10,5,103031,REC,11,11,1.0,9.768400013854261e-05
unidirectional,10,10,5,103031,Heap-Based,11,11,1.0,5.4473999625770375e-05
unidirectional,10,10,6,103032,ILP,14,14,1.0,0.025944785000319825
unidirectional,10,10,6,103032,REC,14,14,1.0,9.815400153456721e-05
unidirectional,10,10,6,103032,Heap-Based,14,14,1.0,8.069499926932622e-05
unidirectional,10,10,7,103033,ILP,17,17,1.0,0.16191538000020955
unidirectional,10,10,7,103033,REC,17,17,1.0,0.00013427799967757892
unidirectional,10,10,7,103033,Heap-Based,17,17,1.0,9.447599950362928e-05
unidirectional,10,10,8,103034,ILP,14,14,1.0,0.12978065800052718
unidirectional,10,10,8,103034,REC,14,14,1.0,0.00011726799857569858
unidirectional,10,10,8,103034,Heap-Based,14,14,1.0,7.743900096102152e-05
unidirectional,10,10,9,103035,ILP,14,14,1.0,0.05635998199977621
unidirectional,10,10,9,103035,REC,14,14,1.0,0.00012620400048035663
unidirectional,10,10,9,103035,Heap-Based,14,14,1.0,9.985200085793622e-05
unidirectional,10,10,10,103036,ILP,13,13,1.0,0.024255334999907063
unidirectional,10,10,10,103036,REC,13,13,1.0,0.00011145200005557854
unidirectional,10,10,10,103036,Heap-Based,13,13,1.0,7.116099914128426e-05
unidirectional,10,10,11,103037,ILP,13,13,1.0,0.1327417369993782
unidirectional,10,10,11,103037,REC,13,13,1.0,0.00014628700046159793
unidirectional,10,10,11,103037,Heap-Based,13,13,1.0,9.861899889074266e-05
unidirectional,10,10,12,103038,ILP,13,13,1.0,0.04444107699964661
unidirectional,10,10,12,103038,REC,13,13,1.0,0.00013695300003746524
unidirectional,10,10,12,103038,Heap-Based,13,13,1.0,7.93309991422575e-05
unidirectional,10,10,13,103039,ILP,14,14,1.0,0.04161673199996585
unidirectional,10,10,13,103039,REC,15,14,1.0714285714285714,0.00011698699927364942
unidirectional,10,10,13,103039,Heap-Based,14,14,1.0,8.28180000098655e-05
unidirectional,10,10,14,103040,ILP,15,15,1.0,0.07616933099961898
unidirectional,10,10,14,103040,REC,15,15,1.0,0.00011942899982386734
unidirectional,10,10,14,103040,Heap-Based,15,15,1.0,7.949400060169864e-05
unidirectional,10,10,15,103041,ILP,15,15,1.0,0.09897417200045311
unidirectional,10,10,15,103041,REC,15,15,1.0,0.00013495799976226408
unidirectional,10,10,15,103041,Heap-Based,15,15,1.0,0.00012541000069177244
unidirectional,10,10,16,103042,ILP,15,15,1.0,0.05765263499961293
unidirectional,10,10,16,103042,REC,15,15,1.0,0.0001244810009666253
unidirectional,10,10,16,103042,Heap-Based,15,15,1.0,8.325100134243257e-05
unidirectional,10,10,17,103043,ILP,13,13,1.0,0.04081663000033586
unidirectional,10,10,17,103043,REC,13,13,1.0,0.00010953000128210988
unidirectional,10,10,17,103043,Heap-Based,13,13,1.0,0.00010031300007540267
unidirectional,10,10,18,103044,ILP,14,14,1.0,0.060674177000692
unidirectional,10,10,18,103044,REC,14,14,1.0,0.00010931799988611601
unidirectional,10,10,18,103044,Heap-Based,14,14,1.0,7.278100019902922e-05
unidirectional,10,10,19,103045,ILP,15,15,1.0,0.007781973999954062
unidirectional,10,10,19,103045,REC,15,15,1.0,0.0001164820005215006
unidirectional,10,10,19,103045,Heap-Based,15,15,1.0,7.826199907867704e-05
unidirectional,10,10,20,103046,ILP,14,14,1.0,0.07378485899971565
unidirectional,10,10,20,103046,REC,14,14,1.0,0.00011694299973896705
unidirectional,10,10,20,103046,Heap-Based,14,14,1.0,8.079100007307716e-05
unidirectional,10,10,21,103047,ILP,13,13,1.0,0.05592781700033811
unidirectional,10,10,21,103047,REC,13,13,1.0,0.00010352400022384245
unidirectional,10,10,21,103047,Heap-Based,13,13,1.0,6.783900062146131e-05
unidirectional,10,10,22,103048,ILP,14,14,1.0,0.14916402299968468
unidirectional,10,10,22,103048,REC,14,14,1.0,0.0001258510001207469
unidirectional,10,10,22,103048,Heap-Based,14,14,1.0,0.00015045500003907364
unidirectional,10,10,23,103049,ILP,14,14,1.0,0.06272157800049172
unidirectional,10,10,23,103049,REC,14,14,1.0,0.00015538000116066542
unidirectional,10,10,23,103049,Heap-Based,14,14,1.0,8.066800000960939e-05
unidirectional,10,10,24,103050,ILP,14,14,1.0,0.008076349000475602
unidirectional,10,10,24,103050,REC,14,14,1.0,0.00014430600094783586
unidirectional,10,10,24,103050,Heap-Based,14,14,1.0,0.00011937999988731463
unidirectional,10,10,25,103051,ILP,14,14,1.0,0.0693991799998912
unidirectional,10,10,25,103051,REC,14,14,1.0,0.00012060200060659554
unidirectional,10,10,25,103051,Heap-Based,14,14,1.0,7.930600077088457e-05
unidirectional,10,10,26,103052,ILP,13,13,1.0,0.08557042100073886
unidirectional,10,10,26,103052,REC,13,13,1.0,0.0001187210000352934
unidirectional,10,10,26,103052,Heap-Based,13,13,1.0,0.00010658000064722728
unidirectional,10,10,27,103053,ILP,12,12,1.0,0.028148768999017193
unidirectional,10,10,27,103053,REC,12,12,1.0,0.00011923599959118292
unidirectional,10,10,27,103053,Heap-Based,12,12,1.0,7.335299960686825e-05
unidirectional,10,10,28,103054,ILP,13,13,1.0,0.06573851900066074
unidirectional,10,10,28,103054,REC,13,13,1.0,0.00014491000001726206
unidirectional,10,10,28,103054,Heap-Based,13,13,1.0,8.851500024320558e-05
unidirectional,10,10,29,103055,ILP,14,14,1.0,0.03668346599988581
unidirectional,10,10,29,103055,REC,14,14,1.0,0.00012597400018421467
unidirectional,10,10,29,103055,Heap-Based,14,14,1.0,6.740400021953974e-05
unidirectional,10,10,30,103056,ILP,14,14,1.0,0.09037813399845618
unidirectional,10,10,30,103056,REC,14,14,1.0,0.00014105999980529305
unidirectional,10,10,30,103056,Heap-Based,14,14,1.0,8.860399975674227e-05
unidirectional,10,10,31,103057,ILP,14,14,1.0,0.13687460199980706
unidirectional,10,10,31,103057,REC,14,14,1.0,0.00012648200026887935
unidirectional,10,10,31,103057,Heap-Based,14,14,1.0,7.589300003019162e-05
unidirectional,10,10,32,103058,ILP,15,15,1.0,0.0760280620015692
unidirectional,10,10,32,103058,REC,16,15,1.0666666666666667,0.00013724099881073926
unidirectional,10,10,32,103058,Heap-Based,15,15,1.0,0.00010807900071085896
unidirectional,10,20,0,104026,ILP,25,25,1.0,0.019390517998544965
unidirectional,10,20,0,104026,REC,25,25,1.0,0.00024119800036714878
unidirectional,10,20,0,104026,Heap-Based,25,25,1.0,0.0001680630011833273
unidirectional,10,20,1,104027,ILP,21,21,1.0,0.08792980399994121
unidirectional,10,20,1,104027,REC,21,21,1.0,0.0002613140004541492
unidirectional,10,20,1,104027,Heap-Based,21,21,1.0,0.00016254299953288864
unidirectional,10,20,2,104028,ILP,21,21,1.0,0.008864455001457827
unidirectional,10,20,2,104028,REC,21,21,1.0,0.00020847000087087508
unidirectional,10,20,2,104028,Heap-Based,21,21,1.0,0.00012556000001495704
unidirectional,10,20,3,104029,ILP,25,25,1.0,0.5069106040009501
unidirectional,10,20,3,104029,REC,25,25,1.0,0.00026477500068722293
unidirectional,10,20,3,104029,Heap-Based,25,25,1.0,0.00019738300034077838
unidirectional,10,20,4,104030,ILP,23,23,1.0,0.3579528810005286
unidirectional,10,20,4,104030,REC,23,23,1.0,0.00024637600108690094
unidirectional,10,20,4,104030,Heap-Based,23,23,1.0,0.00017591499999980442
unidirectional,10,20,5,104031,ILP,22,22,1.0,0.5986525270000129
unidirectional,10,20,5,104031,REC,22,22,1.0,0.00024632799977553077
unidirectional,10,20,5,104031,Heap-Based,22,22,1.0,0.00017081799887819216
unidirectional,10,20,6,104032,ILP,23,23,1.0,0.010679201999664656
unidirectional,10,20,6,104032,REC,23,23,1.0,0.00021007399845984764
unidirectional,10,20,6,104032,Heap-Based,23,23,1.0,0.0001218149991473183
unidirectional,10,20,7,104033,ILP,22,22,1.0,0.009391053999934229
unidirectional,10,20,7,104033,REC,22,22,1.0,0.0002053499993053265
unidirectional,10,20,7,104033,Heap-Based,22,22,1.0,0.00012263900134712458
unidirectional,10,20,8,104034,ILP,25,25,1.0,0.056477520000044024
unidirectional,10,20,8,104034,REC,25,25,1.0,0.0002168219998566201
unidirectional,10,20,8,104034,Heap-Based,25,25,1.0,0.00017169299826491624
unidirectional,10,20,9,104035,ILP,18,18,1.0,0.00984491900089779
unidirectional,10,20,9,104035,REC,18,18,1.0,0.0002014559995586751
unidirectional,10,20,9,104035,Heap-Based,18,18,1.0,0.00010173100054089446
unidirectional,10,20,10,104036,ILP,21,21,1.0,0.055651114000284
unidirectional,10,20,10,104036,REC,21,21,1.0,0.00022275799892668147
unidirectional,10,20,10,104036,Heap-Based,21,21,1.0,0.000141614000312984
unidirectional,10,20,11,104037,ILP,23,23,1.0,0.10796697300065716
unidirectional,10,20,11,104037,REC,23,23,1.0,0.00021282300076563843
unidirectional,10,20,11,104037,Heap-Based,23,23,1.0,0.00014188199929776601
unidirectional,10,20,12,104038,ILP,22,22,1.0,0.044024987999364384
unidirectional,10,20,12,104038,REC,22,22,1.0,0.00021947499953967053
unidirectional,10,20,12,104038,Heap-Based,22,22,1.0,0.00013552699965657666
unidirectional,10,20,13,104039,ILP,22,22,1.0,0.030879448000632692
unidirectional,10,20,13,104039,REC,22,22,1.0,0.00022857099975226447
unidirectional,10,20,13,104039,Heap-Based,22,22,1.0,0.00015141100084292702
unidirectional,10,20,14,104040,ILP,22,22,1.0,0.10248637199947552
unidirectional,10,20,14,104040,REC,22,22,1.0,0.00021841499983565882
unidirectional,10,20,14,104040,Heap-Based,22,22,1.0,0.00015785699906700756
unidirectional,10,20,15,104041,ILP,21,21,1.0,0.08098560600046767
unidirectional,10,20,15,104041,REC,21,21,1.0,0.0001976710009330418
unidirectional,10,20,15,104041,Heap-Based,21,21,1.0,0.00012535700079752132
unidirectional,10,20,16,104042,ILP,23,23,1.0,0.06516759199985245
unidirectional,10,20,16,104042,REC,23,23,1.0,0.0002418730000499636
unidirectional,10,20,16,104042,Heap-Based,23,23,1.0,0.00014104399997449946
unidirectional,10,20,17,104043,ILP,19,19,1.0,0.10129152799891017
unidirectional,10,20,17,104043,REC,19,19,1.0,0.00023126100131776184
unidirectional,10,20,17,104043,Heap-Based,19,19,1.0,0.0001495870001235744
unidirectional,10,20,18,104044,ILP,24,24,1.0,0.13261528499970154
unidirectional,10,20,18,104044,REC,24,24,1.0,0.00024352999935217667
unidirectional,10,20,18,104044,Heap-Based,24,24,1.0,0.00014071700024942402
unidirectional,10,20,19,104045,ILP,20,20,1.0,0.08171991000017442
unidirectional,10,20,19,104045,REC,20,20,1.0,0.0002495799999451265
unidirectional,10,20,19,104045,Heap-Based,20,20,1.0,0.0001439810002921149
unidirectional,10,20,20,104046,ILP,24,24,1.0,0.056733457999143866
unidirectional,10,20,20,104046,REC,24,24,1.0,0.0002389880010014167
unidirectional,10,20,20,104046,Heap-Based,24,24,1.0,0.00016551500084460713
unidirectional,10,20,21,104047,ILP,20,20,1.0,0.009142752000116161
unidirectional,10,20,21,104047,REC,20,20,1.0,0.0001907599998958176
unidirectional,10,20,21,104047,Heap-Based,20,20,1.0,0.00010968999959004577
unidirectional,10,20,22,104048,ILP,21,21,1.0,0.16082305000054475
unidirectional,10,20,22,104048,REC,21,21,1.0,0.00019513200095389038
unidirectional,10,20,22,104048,Heap-Based,21,21,1.0,0.00011903599988727365
unidirectional,10,20,23,104049,ILP,25,25,1.0,0.013928115000453545
unidirectional,10,20,23,104049,REC,25,25,1.0,0.0002256379993923474
unidirectional,10,20,23,104049,Heap-Based,25,25,1.0,0.00014991799980634823
unidirectional,10,20,24,104050,ILP,25,25,1.0,0.17271679300029064
unidirectional,10,20,24,104050,REC,25,25,1.0,0.0002709439995669527
unidirectional,10,20,24,104050,Heap-Based,25,25,1.0,0.00017047099936462473
unidirectional,10,20,25,104051,ILP,20,20,1.0,0.10133310399942275
unidirectional,10,20,25,104051,REC,20,20,1.0,0.00022340600116876885
unidirectional,10,20,25,104051,Heap-Based,20,20,1.0,0.00012007999976049177
unidirectional,10,20,26,104052,ILP,17,17,1.0,0.0698327980007889
unidirectional,10,20,26,104052,REC,17,17,1.0,0.00021447300059662666
unidirectional,10,20,26,104052,Heap-Based,17,17,1.0,0.00012877600056526717
unidirectional,10,20,27,104053,ILP,24,24,1.0,0.05159878700033005
unidirectional,10,20,27,104053,REC,24,24,1.0,0.00021064999964437447
unidirectional,10,20,27,104053,Heap-Based,24,24,1.0,0.0001335969991487218
unidirectional,10,20,28,104054,ILP,23,23,1.0,0.14466192400141153
unidirectional,10,20,28,104054,REC,23,23,1.0,0.0002453320012136828
unidirectional,10,20,28,104054,Heap-Based,23,23,1.0,0.0001665700001467485
unidirectional,10,20,29,104055,ILP,22,22,1.0,0.016755643000578857
unidirectional,10,20,29,104055,REC,22,22,1.0,0.00019044900000153575
unidirectional,10,20,29,104055,Heap-Based,22,22,1.0,0.00011782700130424928
unidirectional,10,20,30,104056,ILP,21,21,1.0,0.07419347900031426
unidirectional,10,20,30,104056,REC,21,21,1.0,0.00019599500046751928
unidirectional,10,20,30,104056,Heap-Based,21,21,1.0,0.00011998800073342863
unidirectional,10,20,31,104057,ILP,22,22,1.0,0.09583942699828185
unidirectional,10,20,31,104057,REC,22,22,1.0,0.00022742200053471606
unidirectional,10,20,31,104057,Heap-Based,22,22,1.0,0.0001510660003987141
unidirectional,10,20,32,104058,ILP,22,22,1.0,0.014217594998626737
unidirectional,10,20,32,104058,REC,22,22,1.0,0.00022645300123258494
unidirectional,10,20,32,104058,Heap-Based,22,22,1.0,0.00014410600124392658
unidirectional,10,30,0,105026,ILP,31,31,1.0,0.02488094099862792
unidirectional,10,30,0,105026,REC,31,31,1.0,0.00036588299917639233
unidirectional,10,30,0,105026,Heap-Based,31,31,1.0,0.0002237190001324052
unidirectional,10,30,1,105027,ILP,33,33,1.0,0.5849973270014743
unidirectional,10,30,1,105027,REC,33,33,1.0,0.0004453940000530565
unidirectional,10,30,1,105027,Heap-Based,33,33,1.0,0.0003019010000571143
unidirectional,10,30,2,105028,ILP,21,21,1.0,0.06691103299999668
unidirectional,10,30,2,105028,REC,21,21,1.0,0.00032268200084217824
unidirectional,10,30,2,105028,Heap-Based,21,21,1.0,0.00017009099974529818
unidirectional,10,30,3,105029,ILP,32,32,1.0,0.03231051199873036
unidirectional,10,30,3,105029,REC,32,32,1.0,0.0004697840013250243
unidirectional,10,30,3,105029,Heap-Based,32,32,1.0,0.0003209710012015421
unidirectional,10,30,4,105030,ILP,29,29,1.0,0.18246025900043605
unidirectional,10,30,4,105030,REC,29,29,1.0,0.0003891460000886582
unidirectional,10,30,4,105030,Heap-Based,29,29,1.0,0.00023229299949889537
unidirectional,10,30,5,105031,ILP,30,30,1.0,0.11851169199871947
unidirectional,10,30,5,105031,REC,30,30,1.0,0.00046151900096447207
unidirectional,10,30,5,105031,Heap-Based,30,30,1.0,0.0003292029996373458
unidirectional,10,30,6,105032,ILP,35,35,1.0,0.15403100600087782
unidirectional,10,30,6,105032,REC,35,35,1.0,0.0004286719995434396
unidirectional,10,30,6,105032,Heap-Based,35,35,1.0,0.0002838319996953942
unidirectional,10,30,7,105033,ILP,29,29,1.0,0.027885841998795513
unidirectional,10,30,7,105033,REC,29,29,1.0,0.00039095300053304527
unidirectional,10,30,7,105033,Heap-Based,29,29,1.0,0.0002494589989510132
unidirectional,10,30,8,105034,ILP,32,32,1.0,0.019207490999178845
unidirectional,10,30,8,105034,REC,32,32,1.0,0.00036812200050917454
unidirectional,10,30,8,105034,Heap-Based,32,32,1.0,0.00022842100042907987
unidirectional,10,30,9,105035,ILP,32,32,1.0,0.021312852999471943
unidirectional,10,30,9,105035,REC,32,32,1.0,0.00039429200114682317
unidirectional,10,30,9,105035,Heap-Based,32,32,1.0,0.00024808200032566674
unidirectional,10,30,10,105036,ILP,32,32,1.0,0.16275786499863898
unidirectional,10,30,10,105036,REC,32,32,1.0,0.000383340999178472
unidirectional,10,30,10,105036,Heap-Based,32,32,1.0,0.0002554200000304263
unidirectional,10,30,11,105037,ILP,34,34,1.0,0.09455859099944064
unidirectional,10,30,11,105037,REC,34,34,1.0,0.0004769870010932209
unidirectional,10,30,11,105037,Heap-Based,34,34,1.0,0.00030013099967618473
unidirectional,10,30,12,105038,ILP,30,30,1.0,0.02474765500119247
unidirectional,10,30,12,105038,REC,30,30,1.0,0.000411267999879783
unidirectional,10,30,12,105038,Heap-Based,30,30,1.0,0.0002612099997350015
unidirectional,10,30,13,105039,ILP,34,34,1.0,0.35542578499917
unidirectional,10,30,13,105039,REC,34,34,1.0,0.0004133560014452087
unidirectional,10,30,13,105039,Heap-Based,34,34,1.0,0.0002729990010266192
unidirectional,10,30,14,105040,ILP,33,33,1.0,0.024929514000177733
unidirectional,10,30,14,105040,REC,33,33,1.0,0.00039723999907437246
unidirectional,10,30,14,105040,Heap-Based,33,33,1.0,0.0002685130002646474
unidirectional,10,30,15,105041,ILP,32,32,1.0,0.08529636200000823
unidirectional,10,30,15,105041,REC,32,32,1.0,0.0003664390005724272
unidirectional,10,30,15,105041,Heap-Based,32,32,1.0,0.0002413809997960925
unidirectional,10,30,16,105042,ILP,29,29,1.0,0.2023154369999247
unidirectional,10,30,16,105042,REC,29,29,1.0,0.0003455640016909456
unidirectional,10,30,16,105042,Heap-Based,29,29,1.0,0.00020325800142018124
unidirectional,10,30,17,105043,ILP,33,33,1.0,0.35057103500002995
unidirectional,10,30,17,105043,REC,33,33,1.0,0.000398094000047422
unidirectional,10,30,17,105043,Heap-Based,33,33,1.0,0.00026563699975667987
unidirectional,10,30,18,105044,ILP,31,31,1.0,0.14778344799924525
unidirectional,10,30,18,105044,REC,31,31,1.0,0.0004206590001558652
unidirectional,10,30,18,105044,Heap-Based,31,31,1.0,0.00029864399948564824
unidirectional,10,30,19,105045,ILP,31,31,1.0,0.08754434999900695
unidirectional,10,30,19,105045,REC,31,31,1.0,0.00034696299917413853
unidirectional,10,30,19,105045,Heap-Based,31,31,1.0,0.00022464600078819785
unidirectional,10,30,20,105046,ILP,31,31,1.0,0.2175803600002837
unidirectional,10,30,20,105046,REC,31,31,1.0,0.0003660220008896431
unidirectional,10,30,20,105046,Heap-Based,31,31,1.0,0.00024135900093824603
unidirectional,10,30,21,105047,ILP,23,23,1.0,0.01674733300023945
unidirectional,10,30,21,105047,REC,23,23,1.0,0.00029388899929472245
unidirectional,10,30,21,105047,Heap-Based,23,23,1.0,0.0001848760002758354
unidirectional,10,30,22,105048,ILP,28,28,1.0,0.030929808999644592
unidirectional,10,30,22,105048,REC,28,28,1.0,0.0003526339987729443
unidirectional,10,30,22,105048,Heap-Based,28,28,1.0,0.0002020190004259348
unidirectional,10,30,23,105049,ILP,31,31,1.0,0.3248527300002024
unidirectional,10,30,23,105049,REC,31,31,1.0,0.00039649399877816904
unidirectional,10,30,23,105049,Heap-Based,31,31,1.0,0.0002803330007736804
unidirectional,10,30,24,105050,ILP,31,31,1.0,0.07724026899995806
unidirectional,10,30,24,105050,REC,31,31,1.0,0.0003497219986456912
unidirectional,10,30,24,105050,Heap-Based,31,31,1.0,0.0002197600006184075
unidirectional,10,30,25,105051,ILP,31,31,1.0,0.09746628799985046
unidirectional,10,30,25,105051,REC,31,31,1.0,0.0003949370002374053
unidirectional,10,30,25,105051,Heap-Based,31,31,1.0,0.000265957998635713
unidirectional,10,30,26,105052,ILP,31,31,1.0,0.027211491998968995
unidirectional,10,30,26,105052,REC,31,31,1.0,0.00047740999980305787
unidirectional,10,30,26,105052,Heap-Based,31,31,1.0,0.0002782660012599081
unidirectional,10,30,27,105053,ILP,33,33,1.0,0.016227482999966014
unidirectional,10,30,27,105053,REC,33,33,1.0,0.0003627090009103995
unidirectional,10,30,27,105053,Heap-Based,33,33,1.0,0.00022242399973038118
unidirectional,10,30,28,105054,ILP,30,30,1.0,0.03208165999967605
unidirectional,10,30,28,105054,REC,30,30,1.0,0.00039041800118866377
unidirectional,10,30,28,105054,Heap-Based,30,30,1.0,0.00023147000138123985
unidirectional,10,30,29,105055,ILP,35,35,1.0,0.026530786999501288
unidirectional,10,30,29,105055,REC,35,35,1.0,0.00039183399894682225
unidirectional,10,30,29,105055,Heap-Based,35,35,1.0,0.0002620590003061807
unidirectional,10,30,30,105056,ILP,31,31,1.0,0.014191999998729443
unidirectional,10,30,30,105056,REC,31,31,1.0,0.0003469990006124135
unidirectional,10,30,30,105056,Heap-Based,31,31,1.0,0.0002237230000901036
unidirectional,10,30,31,105057,ILP,33,33,1.0,0.1140530270004092
unidirectional,10,30,31,105057,REC,33,33,1.0,0.0003825289986707503
unidirectional,10,30,31,105057,Heap-Based,33,33,1.0,0.0002649770012794761
unidirectional,10,30,32,105058,ILP,31,31,1.0,0.5199349180002173
unidirectional,10,30,32,105058,REC,31,31,1.0,0.0003916360001312569
unidirectional,10,30,32,105058,Heap-Based,31,31,1.0,0.00026045999948109966
unidirectional,10,40,0,106026,ILP,37,37,1.0,0.16041162600049574
unidirectional,10,40,0,106026,REC,37,37,1.0,0.0006544529987877468
unidirectional,10,40,0,106026,Heap-Based,37,37,1.0,0.00039152600038505625
unidirectional,10,40,1,106027,ILP,39,39,1.0,0.024048369999945862
unidirectional,10,40,1,106027,REC,39,39,1.0,0.0005459349995362572
unidirectional,10,40,1,106027,Heap-Based,39,39,1.0,0.0003177029993821634
unidirectional,10,40,2,106028,ILP,40,40,1.0,0.0254191809999611
unidirectional,10,40,2,106028,REC,40,40,1.0,0.0005242219995125197
unidirectional,10,40,2,106028,Heap-Based,40,40,1.0,0.00035620899870991707
unidirectional,10,40,3,106029,ILP,35,35,1.0,0.15629039600025862
unidirectional,10,40,3,106029,REC,35,35,1.0,0.00047567299952788744
unidirectional,10,40,3,106029,Heap-Based,35,35,1.0,0.00027102199965156615
unidirectional,10,40,4,106030,ILP,43,43,1.0,0.03936576700107253
unidirectional,10,40,4,106030,REC,43,43,1.0,0.0006101369999669259
unidirectional,10,40,4,106030,Heap-Based,43,43,1.0,0.0004223059986543376
unidirectional,10,40,5,106031,ILP,37,37,1.0,0.21233729900086473
unidirectional,10,40,5,106031,REC,37,37,1.0,0.0006387249995896127
unidirectional,10,40,5,106031,Heap-Based,37,37,1.0,0.00041884999882313423
unidirectional,10,40,6,106032,ILP,43,43,1.0,0.1987178790004691
unidirectional,10,40,6,106032,REC,43,43,1.0,0.0006119539993960643
unidirectional,10,40,6,106032,Heap-Based,43,43,1.0,0.0004426600007718662
unidirectional,10,40,7,106033,ILP,41,41,1.0,0.024236642999312608
unidirectional,10,40,7,106033,REC,41,41,1.0,0.0004884390000370331
unidirectional,10,40,7,106033,Heap-Based,41,41,1.0,0.0002961209993372904
unidirectional,10,40,8,106034,ILP,44,44,1.0,0.3692469119996531
unidirectional,10,40,8,106034,REC,44,44,1.0,0.0006109189998824149
unidirectional,10,40,8,106034,Heap-Based,44,44,1.0,0.0004437609986780444
unidirectional,10,40,9,106035,ILP,39,39,1.0,0.027133423000123003
unidirectional,10,40,9,106035,REC,39,39,1.0,0.0004910650004603667
unidirectional,10,40,9,106035,Heap-Based,39,39,1.0,0.0003112560007139109
unidirectional,10,40,10,106036,ILP,39,39,1.0,0.24606471799961582
unidirectional,10,40,10,106036,REC,39,39,1.0,0.0005165870006749174
unidirectional,10,40,10,106036,Heap-Based,39,39,1.0,0.00033808099942689296
unidirectional,10,40,11,106037,ILP,44,44,1.0,0.014503405000141356
unidirectional,10,40,11,106037,REC,44,44,1.0,0.00044391399933374487
unidirectional,10,40,11,106037,Heap-Based,44,44,1.0,0.0002581770004326245
unidirectional,10,40,12,106038,ILP,43,43,1.0,0.3221352470009151
unidirectional,10,40,12,106038,REC,43,43,1.0,0.0005610829994111555
unidirectional,10,40,12,106038,Heap-Based,43,43,1.0,0.0003977980013587512
unidirectional,10,40,13,106039,ILP,43,43,1.0,0.01853866300007212
unidirectional,10,40,13,106039,REC,43,43,1.0,0.0004945510008838028
unidirectional,10,40,13,106039,Heap-Based,43,43,1.0,0.0003165930011164164
unidirectional,10,40,14,106040,ILP,43,43,1.0,0.045323066999117145
unidirectional,10,40,14,106040,REC,43,43,1.0,0.0005864459999429528
unidirectional,10,40,14,106040,Heap-Based,43,43,1.0,0.000397619998693699
unidirectional,10,40,15,106041,ILP,41,41,1.0,0.03780521999942721
unidirectional,10,40,15,106041,REC,41,41,1.0,0.0005624000004900154
unidirectional,10,40,15,106041,Heap-Based,41,41,1.0,0.00034050400063279085
unidirectional,10,40,16,106042,ILP,41,41,1.0,0.10274892899906263
unidirectional,10,40,16,106042,REC,41,41,1.0,0.0004948550013068598
unidirectional,10,40,16,106042,Heap-Based,41,41,1.0,0.0003434449990891153
unidirectional,10,40,17,106043,ILP,43,43,1.0,0.22362088299996685
unidirectional,10,40,17,106043,REC,43,43,1.0,0.0005749100000684848
unidirectional,10,40,17,106043,Heap-Based,43,43,1.0,0.0003857299998344388
unidirectional,10,40,18,106044,ILP,35,35,1.0,0.018307348000234924
unidirectional,10,40,18,106044,REC,35,35,1.0,0.0004870530010521179
unidirectional,10,40,18,106044,Heap-Based,35,35,1.0,0.00024361400028283242
unidirectional,10,40,19,106045,ILP,42,42,1.0,0.02458600299905811
unidirectional,10,40,19,106045,REC,42,42,1.0,0.0005710010009352118
unidirectional,10,40,19,106045,Heap-Based,42,42,1.0,0.00037114500082680024
unidirectional,10,40,20,106046,ILP,43,43,1.0,0.03330779399948369
unidirectional,10,40,20,106046,REC,43,43,1.0,0.0005657430010614917
unidirectional,10,40,20,106046,Heap-Based,43,43,1.0,0.00043324999933247454
unidirectional,10,40,21,106047,ILP,38,38,1.0,0.023114940000596107
unidirectional,10,40,21,106047,REC,38,38,1.0,0.0005068840000603814
unidirectional,10,40,21,106047,Heap-Based,38,38,1.0,0.0003398549997655209
unidirectional,10,40,22,106048,ILP,37,37,1.0,0.10592025400001148
unidirectional,10,40,22,106048,REC,37,37,1.0,0.000485238000692334
unidirectional,10,40,22,106048,Heap-Based,37,37,1.0,0.00032148500031325966
unidirectional,10,40,23,106049,ILP,40,40,1.0,0.03315782600111561
unidirectional,10,40,23,106049,REC,40,40,1.0,0.0006123729999671923
unidirectional,10,40,23,106049,Heap-Based,40,40,1.0,0.0004228389989293646
unidirectional,10,40,24,106050,ILP,37,37,1.0,0.024133529999744496
unidirectional,10,40,24,106050,REC,37,37,1.0,0.0005346649995772168
unidirectional,10,40,24,106050,Heap-Based,37,37,1.0,0.0003386169992154464
unidirectional,10,40,25,106051,ILP,45,45,1.0,0.08753632200023276
unidirectional,10,40,25,106051,REC,45,45,1.0,0.0005238550002104603
unidirectional,10,40,25,106051,Heap-Based,45,45,1.0,0.00035529699925973546
unidirectional,10,40,26,106052,ILP,42,42,1.0,0.15065066299939645
unidirectional,10,40,26,106052,REC,42,42,1.0,0.0005819859998155152
unidirectional,10,40,26,106052,Heap-Based,42,42,1.0,0.00037862599856453016
unidirectional,10,40,27,106053,ILP,38,38,1.0,0.0302612310006225
unidirectional,10,40,27,106053,REC,38,38,1.0,0.0005585640010394854
unidirectional,10,40,27,106053,Heap-Based,38,38,1.0,0.00034064600004057866
unidirectional,10,40,28,106054,ILP,40,40,1.0,0.6882071109994286
unidirectional,10,40,28,106054,REC,40,40,1.0,0.0006731579996994697
unidirectional,10,40,28,106054,Heap-Based,40,40,1.0,0.0004417330001160735
unidirectional,10,40,29,106055,ILP,41,41,1.0,0.029798646999552147
unidirectional,10,40,29,106055,REC,41,41,1.0,0.0005865339990123175
unidirectional,10,40,29,106055,Heap-Based,41,41,1.0,0.0004042569999000989
unidirectional,10,40,30,106056,ILP,43,43,1.0,0.033110039999883156
unidirectional,10,40,30,106056,REC,43,43,1.0,0.0005870120003237389
unidirectional,10,40,30,106056,Heap-Based,43,43,1.0,0.00039538200144306757
unidirectional,10,40,31,106057,ILP,35,35,1.0,0.2026391399995191
unidirectional,10,40,31,106057,REC,35,35,1.0,0.0006124629999249009
unidirectional,10,40,31,106057,Heap-Based,35,35,1.0,0.0003894929996022256
unidirectional,10,40,32,106058,ILP,39,39,1.0,0.030187807000402245
unidirectional,10,40,32,106058,REC,39,39,1.0,0.0005464879995997762
unidirectional,10,40,32,106058,Heap-Based,39,39,1.0,0.0003173400000378024
unidirectional,15,10,0,153026,ILP,17,17,1.0,6.891065980000349
unidirectional,15,10,0,153026,REC,17,17,1.0,0.00016887099991436116
unidirectional,15,10,0,153026,Heap-Based,17,17,1.0,0.00011185400035174098
unidirectional,15,10,1,153027,ILP,14,14,1.0,0.3262100920001103
unidirectional,15,10,1,153027,REC,14,14,1.0,0.00020111400044697803
unidirectional,15,10,1,153027,Heap-Based,14,14,1.0,0.00010998500147252344
unidirectional,15,10,2,153028,ILP,14,14,1.0,1.230220082001324
unidirectional,15,10,2,153028,REC,14,14,1.0,0.0001674129998718854
unidirectional,15,10,2,153028,Heap-Based,14,14,1.0,0.00010026200106949545
unidirectional,15,10,3,153029,ILP,14,14,1.0,0.254373656000098
unidirectional,15,10,3,153029,REC,14,14,1.0,0.00020417599989741575
unidirectional,15,10,3,153029,Heap-Based,14,14,1.0,0.00011268699927313719
unidirectional,15,10,4,153030,ILP,15,15,1.0,0.45090008200168086
unidirectional,15,10,4,153030,REC,15,15,1.0,0.00017220100016857032
unidirectional,15,10,4,153030,Heap-Based,15,15,1.0,0.00014458899931923952
unidirectional,15,10,5,153031,ILP,14,14,1.0,0.1510886140004004
unidirectional,15,10,5,153031,REC,14,14,1.0,0.00023446500017598737
unidirectional,15,10,5,153031,Heap-Based,14,14,1.0,0.00010804100020322949
unidirectional,15,10,6,153032,ILP,18,18,1.0,20.130031791000874
unidirectional,15,10,6,153032,REC,18,18,1.0,0.00018907999947259668
unidirectional,15,10,6,153032,Heap-Based,18,18,1.0,0.00013282199870445766
unidirectional,15,10,7,153033,ILP,16,16,1.0,16.071995899001195
unidirectional,15,10,7,153033,REC,16,16,1.0,0.00016762199993536342
unidirectional,15,10,7,153033,Heap-Based,16,16,1.0,0.00010848400052054785
unidirectional,15,10,8,153034,ILP,15,15,1.0,114.65111747500123
unidirectional,15,10,8,153034,REC,15,15,1.0,0.00017411699991498608
unidirectional,15,10,8,153034,Heap-Based,15,15,1.0,0.0001133010009652935
unidirectional,15,10,9,153035,ILP,15,15,1.0,0.5723872920007125
unidirectional,15,10,9,153035,REC,15,15,1.0,0.00017011100135277957
unidirectional,15,10,9,153035,Heap-Based,15,15,1.0,0.00011296800039417576
unidirectional,15,10,10,153036,ILP,16,16,1.0,1.544704248999551
unidirectional,15,10,10,153036,REC,16,16,1.0,0.0001796649994503241
unidirectional,15,10,10,153036,Heap-Based,16,16,1.0,0.00012046200026816223
unidirectional,15,10,11,153037,ILP,18,18,1.0,4.139997913000116
unidirectional,15,10,11,153037,REC,18,18,1.0,0.00017598199883650523
unidirectional,15,10,11,153037,Heap-Based,18,18,1.0,0.00012232600056449883
unidirectional,15,10,12,153038,ILP,16,16,1.0,1.5336086860006617
unidirectional,15,10,12,153038,REC,17,16,1.0625,0.0001723790010146331
unidirectional,15,10,12,153038,Heap-Based,16,16,1.0,0.00011485200047900435
unidirectional,15,10,13,153039,ILP,17,17,1.0,1082.5157510010013
unidirectional,15,10,13,153039,REC,17,17,1.0,0.00015994600107660517
unidirectional,15,10,13,153039,Heap-Based,17,17,1.0,9.964200035028625e-05
unidirectional,15,10,14,153040,ILP,16,16,1.0,0.5447426619994076
unidirectional,15,10,14,153040,REC,16,16,1.0,0.00017660100093053188
unidirectional,15,10,14,153040,Heap-Based,16,16,1.0,0.00011559599988686386
unidirectional,15,10,15,153041,ILP,16,16,1.0,0.6839487509987521
unidirectional,15,10,15,153041,REC,16,16,1.0,0.00017886100067698862
unidirectional,15,10,15,153041,Heap-Based,16,16,1.0,0.000113224001324852
unidirectional,15,10,16,153042,ILP,18,18,1.0,2064.0591003129994
unidirectional,15,10,16,153042,REC,18,18,1.0,0.00016148199938470498
unidirectional,15,10,16,153042,Heap-Based,18,18,1.0,0.00010745699910330586
unidirectional,15,10,17,153043,ILP,15,15,1.0,0.0848555340016901
unidirectional,15,10,17,153043,REC,15,15,1.0,0.0001529119999759132
unidirectional,15,10,17,153043,Heap-Based,15,15,1.0,8.695699943928048e-05
unidirectional,15,10,18,153044,ILP,17,17,1.0,11.281556097001157
unidirectional,15,10,18,153044,REC,17,17,1.0,0.00019306100148241967
unidirectional,15,10,18,153044,Heap-Based,17,17,1.0,0.00015809100113983732
unidirectional,15,10,19,153045,ILP,14,14,1.0,0.3978181570000743
unidirectional,15,10,19,153045,REC,14,14,1.0,0.00020175499957986176
unidirectional,15,10,19,153045,Heap-Based,14,14,1.0,0.00010384599954704754
unidirectional,15,10,20,153046,ILP,16,16,1.0,2.517183121000926
unidirectional,15,10,20,153046,REC,16,16,1.0,0.0001930270009324886
unidirectional,15,10,20,153046,Heap-Based,16,16,1.0,0.00012802200035366695
unidirectional,15,10,21,153047,ILP,14,14,1.0,0.1315482339996379
unidirectional,15,10,21,153047,REC,14,14,1.0,0.00020773399955942295
unidirectional,15,10,21,153047,Heap-Based,14,14,1.0,0.00011473700033093337
unidirectional,15,10,22,153048,ILP,17,17,1.0,356.947992342999
unidirectional,15,10,22,153048,REC,17,17,1.0,0.00015888000052655116
unidirectional,15,10,22,153048,Heap-Based,17,17,1.0,0.00010443899918755051
unidirectional,15,10,23,153049,ILP,15,15,1.0,0.8273198080005386
unidirectional,15,10,23,153049,REC,16,15,1.0666666666666667,0.0001761189996614121
unidirectional,15,10,23,153049,Heap-Based,15,15,1.0,0.00010705699969548732
unidirectional,15,10,24,153050,ILP,15,15,1.0,0.22788126500017825
unidirectional,15,10,24,153050,REC,15,15,1.0,0.00015169799917202909
unidirectional,15,10,24,153050,Heap-Based,15,15,1.0,9.370599946123548e-05
unidirectional,15,10,25,153051,ILP,16,16,1.0,4.513556677999077
unidirectional,15,10,25,153051,REC,16,16,1.0,0.00019049600086873397
unidirectional,15,10,25,153051,Heap-Based,16,16,1.0,0.00012707399946521036
unidirectional,15,10,26,153052,ILP,16,16,1.0,20.546926582001106
unidirectional,15,10,26,153052,REC,16,16,1.0,0.0001807469998311717
unidirectional,15,10,26,153052,Heap-Based,16,16,1.0,0.00011967199861828703
unidirectional,15,10,27,153053,ILP,14,14,1.0,0.2074321020008938
unidirectional,15,10,27,153053,REC,14,14,1.0,0.00020254100127203856
unidirectional,15,10,27,153053,Heap-Based,14,14,1.0,0.00010403600026620552
unidirectional,15,10,28,153054,ILP,15,15,1.0,0.41924577499958104
unidirectional,15,10,28,153054,REC,15,15,1.0,0.0001768910005921498
unidirectional,15,10,28,153054,Heap-Based,15,15,1.0,0.00012777700067090336
unidirectional,15,10,29,153055,ILP,18,18,1.0,78.52210094300062
unidirectional,15,10,29,153055,REC,18,18,1.0,0.00018518700017011724
unidirectional,15,10,29,153055,Heap-Based,18,18,1.0,0.00012165299995103851
unidirectional,15,10,30,153056,ILP,13,13,1.0,0.11055940400001418
unidirectional,15,10,30,153056,REC,13,13,1.0,0.00017380400095134974
unidirectional,15,10,30,153056,Heap-Based,13,13,1.0,0.0001018999992083991
unidirectional,15,10,31,153057,ILP,13,13,1.0,0.196792713000832
unidirectional,15,10,31,153057,REC,13,13,1.0,0.00019963399972766638
unidirectional,15,10,31,153057,Heap-Based,13,13,1.0,0.0001046920006047003
unidirectional,15,10,32,153058,ILP,14,14,1.0,0.4278351520006254
unidirectional,15,10,32,153058,REC,15,14,1.0714285714285714,0.00016203099949052557
unidirectional,15,10,32,153058,Heap-Based,14,14,1.0,9.630299973650835e-05
unidirectional,15,20,0,154026,ILP,23,23,1.0,0.3714337389992579
unidirectional,15,20,0,154026,REC,23,23,1.0,0.000334360000124434
unidirectional,15,20,0,154026,Heap-Based,23,23,1.0,0.0001946200009115273
unidirectional,15,20,1,154027,ILP,22,22,1.0,0.8798626210009388
unidirectional,15,20,1,154027,REC,22,22,1.0,0.00035446599940769374
unidirectional,15,20,1,154027,Heap-Based,22,22,1.0,0.00022554700080945622
unidirectional,15,20,2,154028,ILP,20,20,1.0,0.3894630300001154
unidirectional,15,20,2,154028,REC,20,20,1.0,0.0003238620010961313
unidirectional,15,20,2,154028,Heap-Based,20,20,1.0,0.00018567100050859153
unidirectional,15,20,3,154029,ILP,23,23,1.0,0.9209488090000377
unidirectional,15,20,3,154029,REC,23,23,1.0,0.0003447680010140175
unidirectional,15,20,3,154029,Heap-Based,23,23,1.0,0.0002236239997728262
unidirectional,15,20,4,154030,ILP,25,25,1.0,0.23332128999936685
unidirectional,15,20,4,154030,REC,25,25,1.0,0.00032012300107453484
unidirectional,15,20,4,154030,Heap-Based,25,25,1.0,0.00018816999909176957
unidirectional,15,20,5,154031,ILP,21,21,1.0,0.17454092200023297
unidirectional,15,20,5,154031,REC,21,21,1.0,0.00035069300065515563
unidirectional,15,20,5,154031,Heap-Based,21,21,1.0,0.00021996600116835907
unidirectional,15,20,6,154032,ILP,23,23,1.0,0.6546801590011455
unidirectional,15,20,6,154032,REC,23,23,1.0,0.0003354780001245672
unidirectional,15,20,6,154032,Heap-Based,23,23,1.0,0.00021487000049091876
unidirectional,15,20,7,154033,ILP,23,23,1.0,0.41810013900067133
unidirectional,15,20,7,154033,REC,23,23,1.0,0.00031188700086204335
unidirectional,15,20,7,154033,Heap-Based,23,23,1.0,0.000178980000782758
unidirectional,15,20,8,154034,ILP,22,22,1.0,0.7123386399998708
unidirectional,15,20,8,154034,REC,22,22,1.0,0.00033692600118229166
unidirectional,15,20,8,154034,Heap-Based,22,22,1.0,0.00020313800087023992
unidirectional,15,20,9,154035,ILP,25,25,1.0,0.7372047009994276
unidirectional,15,20,9,154035,REC,25,25,1.0,0.000378495000404655
unidirectional,15,20,9,154035,Heap-Based,25,25,1.0,0.0002375250005570706
unidirectional,15,20,10,154036,ILP,27,27,1.0,4.51869157299916
unidirectional,15,20,10,154036,REC,27,27,1.0,0.00037006499951530714
unidirectional,15,20,10,154036,Heap-Based,27,27,1.0,0.0002526420012145536
unidirectional,15,20,11,154037,ILP,24,24,1.0,0.82609723799942
unidirectional,15,20,11,154037,REC,24,24,1.0,0.0003647699995781295
unidirectional,15,20,11,154037,Heap-Based,24,24,1.0,0.00024970900085463654
unidirectional,15,20,12,154038,ILP,22,22,1.0,0.6411312130003353
unidirectional,15,20,12,154038,REC,22,22,1.0,0.00033170099959534127
unidirectional,15,20,12,154038,Heap-Based,22,22,1.0,0.0002038610000454355
unidirectional,15,20,13,154039,ILP,26,26,1.0,32.30006630299977
unidirectional,15,20,13,154039,REC,26,26,1.0,0.00037970199991832487
unidirectional,15,20,13,154039,Heap-Based,26,26,1.0,0.0002935409993369831
unidirectional,15,20,14,154040,ILP,20,20,1.0,0.1731676620001963
unidirectional,15,20,14,154040,REC,20,20,1.0,0.0003070600014325464
unidirectional,15,20,14,154040,Heap-Based,20,20,1.0,0.00019022999913431704
unidirectional,15,20,15,154041,ILP,24,24,1.0,0.29373514500002784
unidirectional,15,20,15,154041,REC,24,24,1.0,0.0003087309996772092
unidirectional,15,20,15,154041,Heap-Based,24,24,1.0,0.00019656999938888475
unidirectional,15,20,16,154042,ILP,26,26,1.0,1.7567264399986016
unidirectional,15,20,16,154042,REC,26,26,1.0,0.00037157699989620596
unidirectional,15,20,16,154042,Heap-Based,26,26,1.0,0.0002613360011309851
unidirectional,15,20,17,154043,ILP,23,23,1.0,0.762155017000623
unidirectional,15,20,17,154043,REC,23,23,1.0,0.0003152350000164006
unidirectional,15,20,17,154043,Heap-Based,23,23,1.0,0.00019784100004471838
unidirectional,15,20,18,154044,ILP,24,24,1.0,0.3841139659998589
unidirectional,15,20,18,154044,REC,24,24,1.0,0.000319239001328242
unidirectional,15,20,18,154044,Heap-Based,24,24,1.0,0.00019720799900824204
unidirectional,15,20,19,154045,ILP,24,24,1.0,0.6126047060006385
unidirectional,15,20,19,154045,REC,24,24,1.0,0.0003115699983027298
unidirectional,15,20,19,154045,Heap-Based,24,24,1.0,0.00019764999888138846
unidirectional,15,20,20,154046,ILP,24,24,1.0,1.041198707998774
unidirectional,15,20,20,154046,REC,24,24,1.0,0.00032081199969979934
unidirectional,15,20,20,154046,Heap-Based,24,24,1.0,0.0002107640011672629
unidirectional,15,20,21,154047,ILP,23,23,1.0,0.7569917690016155
unidirectional,15,20,21,154047,REC,23,23,1.0,0.00032555500001762994
unidirectional,15,20,21,154047,Heap-Based,23,23,1.0,0.0002035689994954737
unidirectional,15,20,22,154048,ILP,25,25,1.0,3.042748550000397
unidirectional,15,20,22,154048,REC,25,25,1.0,0.00036104500031797215
unidirectional,15,20,22,154048,Heap-Based,25,25,1.0,0.0002400960001978092
unidirectional,15,20,23,154049,ILP,24,24,1.0,0.29665946699969936
unidirectional,15,20,23,154049,REC,24,24,1.0,0.0003056430014112266
unidirectional,15,20,23,154049,Heap-Based,24,24,1.0,0.0001715950002108002
unidirectional,15,20,24,154050,ILP,25,25,1.0,2.0883737339991058
unidirectional,15,20,24,154050,REC,25,25,1.0,0.0003556000010576099
unidirectional,15,20,24,154050,Heap-Based,25,25,1.0,0.0002248659984616097
unidirectional,15,20,25,154051,ILP,23,23,1.0,0.1392412860004697
unidirectional,15,20,25,154051,REC,23,23,1.0,0.0002674160004971782
unidirectional,15,20,25,154051,Heap-Based,23,23,1.0,0.00015079300101206172
unidirectional,15,20,26,154052,ILP,22,22,1.0,0.45153992300038226
unidirectional,15,20,26,154052,REC,22,22,1.0,0.0003614609995565843
unidirectional,15,20,26,154052,Heap-Based,22,22,1.0,0.0002148100011254428
unidirectional,15,20,27,154053,ILP,23,23,1.0,1.3708635809998668
unidirectional,15,20,27,154053,REC,24,23,1.0434782608695652,0.0003826360007224139
unidirectional,15,20,27,154053,Heap-Based,23,23,1.0,0.0002505730008124374
unidirectional,15,20,28,154054,ILP,24,24,1.0,0.48685674400076095
unidirectional,15,20,28,154054,REC,24,24,1.0,0.0003559460001270054
unidirectional,15,20,28,154054,Heap-Based,24,24,1.0,0.00021360000027925707
unidirectional,15,20,29,154055,ILP,24,24,1.0,0.4248579869999958
unidirectional,15,20,29,154055,REC,24,24,1.0,0.00033331099984934554
unidirectional,15,20,29,154055,Heap-Based,24,24,1.0,0.00021452399960253388
unidirectional,15,20,30,154056,ILP,23,23,1.0,0.9231660610003019
unidirectional,15,20,30,154056,REC,23,23,1.0,0.000320613000440062
unidirectional,15,20,30,154056,Heap-Based,23,23,1.0,0.00019515999883878976
unidirectional,15,20,31,154057,ILP,24,24,1.0,0.11970025400114537
unidirectional,15,20,31,154057,REC,24,24,1.0,0.00038661500002490357
unidirectional,15,20,31,154057,Heap-Based,24,24,1.0,0.00021501399896806106
unidirectional,15,20,32,154058,ILP,20,20,1.0,0.6139651579997008
unidirectional,15,20,32,154058,REC,20,20,1.0,0.00035881199983123224
unidirectional,15,20,32,154058,Heap-Based,20,20,1.0,0.00022244799947657157
unidirectional,15,30,0,155026,ILP,32,32,1.0,0.4139828499992291
unidirectional,15,30,0,155026,REC,32,32,1.0,0.0004853270002058707
unidirectional,15,30,0,155026,Heap-Based,32,32,1.0,0.0002904519988078391
unidirectional,15,30,1,155027,ILP,33,33,1.0,0.6273004750000837
unidirectional,15,30,1,155027,REC,33,33,1.0,0.0005937080004514428
unidirectional,15,30,1,155027,Heap-Based,33,33,1.0,0.0003672989987535402
unidirectional,15,30,2,155028,ILP,28,28,1.0,0.22043483699962962
unidirectional,15,30,2,155028,REC,28,28,1.0,0.0006062889988243114
unidirectional,15,30,2,155028,Heap-Based,28,28,1.0,0.00038504000076500233
unidirectional,15,30,3,155029,ILP,33,33,1.0,0.026705153999500908
unidirectional,15,30,3,155029,REC,33,33,1.0,0.0005331409993232228
unidirectional,15,30,3,155029,Heap-Based,33,33,1.0,0.00030696800058649387
unidirectional,15,30,4,155030,ILP,30,30,1.0,0.2990175619997899
unidirectional,15,30,4,155030,REC,30,30,1.0,0.0005145329996594228
unidirectional,15,30,4,155030,Heap-Based,30,30,1.0,0.0003208130001439713
unidirectional,15,30,5,155031,ILP,34,34,1.0,0.0628479579991108
unidirectional,15,30,5,155031,REC,34,34,1.0,0.0005452940004033735
unidirectional,15,30,5,155031,Heap-Based,34,34,1.0,0.00033353199978591874
unidirectional,15,30,6,155032,ILP,34,34,1.0,0.6529057999996439
unidirectional,15,30,6,155032,REC,34,34,1.0,0.000526016001458629
unidirectional,15,30,6,155032,Heap-Based,34,34,1.0,0.00033181800063175615
unidirectional,15,30,7,155033,ILP,32,32,1.0,0.2895790809998289
unidirectional,15,30,7,155033,REC,32,32,1.0,0.000511361999087967
unidirectional,15,30,7,155033,Heap-Based,32,32,1.0,0.0003285450002294965
unidirectional,15,30,8,155034,ILP,29,29,1.0,0.6019992590008769
unidirectional,15,30,8,155034,REC,29,29,1.0,0.0005127210006321548
unidirectional,15,30,8,155034,Heap-Based,29,29,1.0,0.0003127309992123628
unidirectional,15,30,9,155035,ILP,35,35,1.0,2.577044396000929
unidirectional,15,30,9,155035,REC,35,35,1.0,0.0006612270008190535
unidirectional,15,30,9,155035,Heap-Based,35,35,1.0,0.00044848899960925337
unidirectional,15,30,10,155036,ILP,33,33,1.0,0.0230737069996394
unidirectional,15,30,10,155036,REC,33,33,1.0,0.0004968649991496932
unidirectional,15,30,10,155036,Heap-Based,33,33,1.0,0.00027886099996976554
unidirectional,15,30,11,155037,ILP,34,34,1.0,0.8415750630010734
unidirectional,15,30,11,155037,REC,34,34,1.0,0.000559211999643594
unidirectional,15,30,11,155037,Heap-Based,34,34,1.0,0.0003510589995130431
unidirectional,15,30,12,155038,ILP,33,33,1.0,2.7483544739989156
unidirectional,15,30,12,155038,REC,33,33,1.0,0.0006546910008182749
unidirectional,15,30,12,155038,Heap-Based,33,33,1.0,0.0004503410000324948
unidirectional,15,30,13,155039,ILP,29,29,1.0,0.024661109999215114
unidirectional,15,30,13,155039,REC,29,29,1.0,0.00048201899880950805
unidirectional,15,30,13,155039,Heap-Based,29,29,1.0,0.00026282799990440253
unidirectional,15,30,14,155040,ILP,35,35,1.0,0.04133655100122269
unidirectional,15,30,14,155040,REC,35,35,1.0,0.0005845089999638731
unidirectional,15,30,14,155040,Heap-Based,35,35,1.0,0.00037041799987491686
unidirectional,15,30,15,155041,ILP,34,34,1.0,0.053623881000021356
unidirectional,15,30,15,155041,REC,34,34,1.0,0.0006238450005184859
unidirectional,15,30,15,155041,Heap-Based,34,34,1.0,0.0004011050004919525
unidirectional,15,30,16,155042,ILP,31,31,1.0,1.0552027140001883
unidirectional,15,30,16,155042,REC,31,31,1.0,0.0006158199994388269
unidirectional,15,30,16,155042,Heap-Based,31,31,1.0,0.00039839899909566157
unidirectional,15,30,17,155043,ILP,29,29,1.0,0.04992656400099804
unidirectional,15,30,17,155043,REC,29,29,1.0,0.0005809899994346779
unidirectional,15,30,17,155043,Heap-Based,29,29,1.0,0.0003530220001266571
unidirectional,15,30,18,155044,ILP,28,28,1.0,0.43758391800110985
unidirectional,15,30,18,155044,REC,28,28,1.0,0.0006494559984275838
unidirectional,15,30,18,155044,Heap-Based,28,28,1.0,0.0004064129989274079
unidirectional,15,30,19,155045,ILP,27,27,1.0,0.16882561999955215
unidirectional,15,30,19,155045,REC,27,27,1.0,0.0005500530005519977
unidirectional,15,30,19,155045,Heap-Based,27,27,1.0,0.00029045500014035497
unidirectional,15,30,20,155046,ILP,34,34,1.0,0.04559697600052459
unidirectional,15,30,20,155046,REC,34,34,1.0,0.0005905609996261774
unidirectional,15,30,20,155046,Heap-Based,34,34,1.0,0.00039058599941199645
unidirectional,15,30,21,155047,ILP,27,27,1.0,0.3269789820005826
unidirectional,15,30,21,155047,REC,27,27,1.0,0.0005179909985599807
unidirectional,15,30,21,155047,Heap-Based,27,27,1.0,0.0002747549988271203
unidirectional,15,30,22,155048,ILP,34,34,1.0,0.04290975900039484
unidirectional,15,30,22,155048,REC,34,34,1.0,0.0005794270000478718
unidirectional,15,30,22,155048,Heap-Based,34,34,1.0,0.0003620650004449999
unidirectional,15,30,23,155049,ILP,32,32,1.0,0.5016709869996703
unidirectional,15,30,23,155049,REC,32,32,1.0,0.0005431359986687312
unidirectional,15,30,23,155049,Heap-Based,32,32,1.0,0.00032631300018692855
unidirectional,15,30,24,155050,ILP,34,34,1.0,2.15292931499971
unidirectional,15,30,24,155050,REC,34,34,1.0,0.0005761459997302154
unidirectional,15,30,24,155050,Heap-Based,34,34,1.0,0.00036277899926062673
unidirectional,15,30,25,155051,ILP,33,33,1.0,1.1379990220011678
unidirectional,15,30,25,155051,REC,33,33,1.0,0.0005468500003189547
unidirectional,15,30,25,155051,Heap-Based,33,33,1.0,0.0003419500008021714
unidirectional,15,30,26,155052,ILP,31,31,1.0,0.27102582899897243
unidirectional,15,30,26,155052,REC,32,31,1.032258064516129,0.0005811529990751296
unidirectional,15,30,26,155052,Heap-Based,31,31,1.0,0.0003601869993872242
unidirectional,15,30,27,155053,ILP,35,35,1.0,0.03856951200032199
unidirectional,15,30,27,155053,REC,35,35,1.0,0.000538125001185108
unidirectional,15,30,27,155053,Heap-Based,35,35,1.0,0.000311293999402551
unidirectional,15,30,28,155054,ILP,33,33,1.0,1.738522182999077
unidirectional,15,30,28,155054,REC,33,33,1.0,0.0005669450001732912
unidirectional,15,30,28,155054,Heap-Based,33,33,1.0,0.00037882799915678333
unidirectional,15,30,29,155055,ILP,30,30,1.0,0.3159964869992109
unidirectional,15,30,29,155055,REC,30,30,1.0,0.0005730880002374761
unidirectional,15,30,29,155055,Heap-Based,30,30,1.0,0.00036300000101618934
unidirectional,15,30,30,155056,ILP,35,35,1.0,0.3704767869985517
unidirectional,15,30,30,155056,REC,35,35,1.0,0.0005052369997429196
unidirectional,15,30,30,155056,Heap-Based,35,35,1.0,0.0003385720010555815
unidirectional,15,30,31,155057,ILP,28,28,1.0,0.7510333940008422
unidirectional,15,30,31,155057,REC,28,28,1.0,0.0005259750014374731
unidirectional,15,30,31,155057,Heap-Based,28,28,1.0,0.00029892400016251486
unidirectional,15,30,32,155058,ILP,31,31,1.0,0.07076162499834027
unidirectional,15,30,32,155058,REC,31,31,1.0,0.0005341369997040601
unidirectional,15,30,32,155058,Heap-Based,31,31,1.0,0.00031277000016416423
unidirectional,15,40,0,156026,ILP,42,42,1.0,0.878382225999303
unidirectional,15,40,0,156026,REC,42,42,1.0,0.0008625800001027528
unidirectional,15,40,0,156026,Heap-Based,42,42,1.0,0.0005991910002194345
unidirectional,15,40,1,156027,ILP,45,45,1.0,1.3288185370001884
unidirectional,15,40,1,156027,REC,45,45,1.0,0.0009337860010418808
unidirectional,15,40,1,156027,Heap-Based,45,45,1.0,0.0006064059998607263
unidirectional,15,40,2,156028,ILP,43,43,1.0,4.281168309998975
unidirectional,15,40,2,156028,REC,43,43,1.0,0.0010409620008431375
unidirectional,15,40,2,156028,Heap-Based,43,43,1.0,0.0007263509996846551
unidirectional,15,40,3,156029,ILP,43,43,1.0,1.2075129259992536
unidirectional,15,40,3,156029,REC,43,43,1.0,0.0010359990010329057
unidirectional,15,40,3,156029,Heap-Based,43,43,1.0,0.0006892789988341974
unidirectional,15,40,4,156030,ILP,41,41,1.0,0.07492041600016819
unidirectional,15,40,4,156030,REC,41,41,1.0,0.0009165789997496177
unidirectional,15,40,4,156030,Heap-Based,41,41,1.0,0.0005604090001725126
unidirectional,15,40,5,156031,ILP,42,42,1.0,3.775761678998606
unidirectional,15,40,5,156031,REC,43,42,1.0238095238095237,0.0010124760010512546
unidirectional,15,40,5,156031,Heap-Based,42,42,1.0,0.0007215680016088299
unidirectional,15,40,6,156032,ILP,42,42,1.0,0.04513719799979299
unidirectional,15,40,6,156032,REC,42,42,1.0,0.000752854999518604
unidirectional,15,40,6,156032,Heap-Based,42,42,1.0,0.000426692999099032
unidirectional,15,40,7,156033,ILP,38,38,1.0,0.2586599969999952
unidirectional,15,40,7,156033,REC,38,38,1.0,0.0007424999985232716
unidirectional,15,40,7,156033,Heap-Based,38,38,1.0,0.00044070600051782094
unidirectional,15,40,8,156034,ILP,40,40,1.0,1.1808768150003743
unidirectional,15,40,8,156034,REC,40,40,1.0,0.0008118840014503803
unidirectional,15,40,8,156034,Heap-Based,40,40,1.0,0.0005003620008210419
unidirectional,15,40,9,156035,ILP,39,39,1.0,0.4203915159996541
unidirectional,15,40,9,156035,REC,39,39,1.0,0.0008307550015160814
unidirectional,15,40,9,156035,Heap-Based,39,39,1.0,0.0005500289989868179
unidirectional,15,40,10,156036,ILP,44,44,1.0,0.5113810800012288
unidirectional,15,40,10,156036,REC,44,44,1.0,0.0007340689990087412
unidirectional,15,40,10,156036,Heap-Based,44,44,1.0,0.00042938600017805584
unidirectional,15,40,11,156037,ILP,44,44,1.0,1.1336339860008593
unidirectional,15,40,11,156037,REC,44,44,1.0,0.0010263580006721895
unidirectional,15,40,11,156037,Heap-Based,44,44,1.0,0.000645253998300177
unidirectional,15,40,12,156038,ILP,44,44,1.0,0.07367847100067593
unidirectional,15,40,12,156038,REC,44,44,1.0,0.00084446199980448
unidirectional,15,40,12,156038,Heap-Based,44,44,1.0,0.0005321400003595045
unidirectional,15,40,13,156039,ILP,39,39,1.0,0.04800350299956335
unidirectional,15,40,13,156039,REC,39,39,1.0,0.000784677999035921
unidirectional,15,40,13,156039,Heap-Based,39,39,1.0,0.0004811710005014902
unidirectional,15,40,14,156040,ILP,44,44,1.0,4.246357197998805
unidirectional,15,40,14,156040,REC,44,44,1.0,0.0009456079988012789
unidirectional,15,40,14,156040,Heap-Based,44,44,1.0,0.000676879000820918
unidirectional,15,40,15,156041,ILP,42,42,1.0,0.4581292399998347
unidirectional,15,40,15,156041,REC,42,42,1.0,0.0007765820009808522
unidirectional,15,40,15,156041,Heap-Based,42,42,1.0,0.000442802000179654
unidirectional,15,40,16,156042,ILP,45,45,1.0,0.05583243000000948
unidirectional,15,40,16,156042,REC,45,45,1.0,0.0007619570005772403
unidirectional,15,40,16,156042,Heap-Based,45,45,1.0,0.0004863110007136129
unidirectional,15,40,17,156043,ILP,40,40,1.0,0.9332965339999646
unidirectional,15,40,17,156043,REC,40,40,1.0,0.0007113160008884734
unidirectional,15,40,17,156043,Heap-Based,40,40,1.0,0.0004057770001963945
unidirectional,15,40,18,156044,ILP,39,39,1.0,1.777406968998548
unidirectional,15,40,18,156044,REC,39,39,1.0,0.0009434809999220306
unidirectional,15,40,18,156044,Heap-Based,39,39,1.0,0.0006093960000725929
unidirectional,15,40,19,156045,ILP,35,35,1.0,0.23682780600029218
unidirectional,15,40,19,156045,REC,35,35,1.0,0.0006563530005223583
unidirectional,15,40,19,156045,Heap-Based,35,35,1.0,0.00035200800084567163
unidirectional,15,40,20,156046,ILP,35,35,1.0,0.32512363100067887
unidirectional,15,40,20,156046,REC,35,35,1.0,0.0008436669995717239
unidirectional,15,40,20,156046,Heap-Based,35,35,1.0,0.0004865770006290404
unidirectional,15,40,21,156047,ILP,37,37,1.0,0.0347761309985799
unidirectional,15,40,21,156047,REC,37,37,1.0,0.0006738350002706284
unidirectional,15,40,21,156047,Heap-Based,37,37,1.0,0.0003575149985408643
unidirectional,15,40,22,156048,ILP,41,41,1.0,0.05320227199990768
unidirectional,15,40,22,156048,REC,41,41,1.0,0.000749442999222083
unidirectional,15,40,22,156048,Heap-Based,41,41,1.0,0.0004990899997210363
unidirectional,15,40,23,156049,ILP,39,39,1.0,1.7619334330011043
unidirectional,15,40,23,156049,REC,39,39,1.0,0.0008227830003306735
unidirectional,15,40,23,156049,Heap-Based,39,39,1.0,0.0005037859991716687
unidirectional,15,40,24,156050,ILP,42,42,1.0,0.4547408809994522
unidirectional,15,40,24,156050,REC,42,42,1.0,0.0006799790007789852
unidirectional,15,40,24,156050,Heap-Based,42,42,1.0,0.00039100100002542604
unidirectional,15,40,25,156051,ILP,38,38,1.0,0.4173116450001544
unidirectional,15,40,25,156051,REC,38,38,1.0,0.0007562099999631755
unidirectional,15,40,25,156051,Heap-Based,38,38,1.0,0.00041661800059955567
unidirectional,15,40,26,156052,ILP,41,41,1.0,1.2321808429987868
unidirectional,15,40,26,156052,REC,41,41,1.0,0.0007839890004106564
unidirectional,15,40,26,156052,Heap-Based,41,41,1.0,0.0005128359989612363
unidirectional,15,40,27,156053,ILP,42,42,1.0,0.05017827899973781
unidirectional,15,40,27,156053,REC,42,42,1.0,0.0007320629993046168
unidirectional,15,40,27,156053,Heap-Based,42,42,1.0,0.0004458010007510893
unidirectional,15,40,28,156054,ILP,40,40,1.0,0.7633950419985922
unidirectional,15,40,28,156054,REC,40,40,1.0,0.0008965069991972996
unidirectional,15,40,28,156054,Heap-Based,40,40,1.0,0.0005924010001763236
unidirectional,15,40,29,156055,ILP,40,40,1.0,0.9051787570006127
unidirectional,15,40,29,156055,REC,40,40,1.0,0.000696346998665831
unidirectional,15,40,29,156055,Heap-Based,40,40,1.0,0.000439864001236856
unidirectional,15,40,30,156056,ILP,44,44,1.0,4.084306225000546
unidirectional,15,40,30,156056,REC,44,44,1.0,0.001153200999397086
unidirectional,15,40,30,156056,Heap-Based,44,44,1.0,0.000699685999279609
unidirectional,15,40,31,156057,ILP,35,35,1.0,0.3238928959999612
unidirectional,15,40,31,156057,REC,35,35,1.0,0.0007934960012789816
unidirectional,15,40,31,156057,Heap-Based,35,35,1.0,0.00048278299982484896
unidirectional,15,40,32,156058,ILP,42,42,1.0,0.0802134860005026
unidirectional,15,40,32,156058,REC,42,42,1.0,0.000818227999843657
unidirectional,15,40,32,156058,Heap-Based,42,42,1.0,0.0005214940010773716
bidirectional,5,10,0,1053026,ILP,11,11,1.0,0.006558071001563803
bidirectional,5,10,0,1053026,Heap-Based,11,11,1.0,6.789300095988438e-05
bidirectional,5,10,1,1053027,ILP,14,14,1.0,0.008989034000478568
bidirectional,5,10,1,1053027,Heap-Based,14,14,1.0,8.669499948155135e-05
bidirectional,5,10,2,1053028,ILP,15,15,1.0,0.00925195700074255
bidirectional,5,10,2,1053028,Heap-Based,15,15,1.0,9.822400170378387e-05
bidirectional,5,10,3,1053029,ILP,11,11,1.0,0.004851551999308867
bidirectional,5,10,3,1053029,Heap-Based,11,11,1.0,5.493800017575268e-05
bidirectional,5,10,4,1053030,ILP,15,15,1.0,0.004895096000836929
bidirectional,5,10,4,1053030,Heap-Based,15,15,1.0,5.002900070394389e-05
bidirectional,5,10,5,1053031,ILP,9,9,1.0,0.00444285400044464
bidirectional,5,10,5,1053031,Heap-Based,9,9,1.0,4.776900095748715e-05
bidirectional,5,10,6,1053032,ILP,10,10,1.0,0.01965722700151673
bidirectional,5,10,6,1053032,Heap-Based,10,10,1.0,9.257099918613676e-05
bidirectional,5,10,7,1053033,ILP,12,12,1.0,0.005584495998846251
bidirectional,5,10,7,1053033,Heap-Based,12,12,1.0,4.814400017494336e-05
bidirectional,5,10,8,1053034,ILP,13,13,1.0,0.005993451999529498
bidirectional,5,10,8,1053034,Heap-Based,13,13,1.0,8.45180002215784e-05
bidirectional,5,10,9,1053035,ILP,12,12,1.0,0.012357185998553177
bidirectional,5,10,9,1053035,Heap-Based,12,12,1.0,7.731599907856435e-05
bidirectional,5,10,10,1053036,ILP,8,8,1.0,0.0060943499993300065
bidirectional,5,10,10,1053036,Heap-Based,8,8,1.0,3.880900112562813e-05
bidirectional,5,10,11,1053037,ILP,10,10,1.0,0.007535015000030398
bidirectional,5,10,11,1053037,Heap-Based,10,10,1.0,4.842300040763803e-05
bidirectional,5,10,12,1053038,ILP,10,10,1.0,0.004976836999048828
bidirectional,5,10,12,1053038,Heap-Based,10,10,1.0,4.5090999265084974e-05
bidirectional,5,10,13,1053039,ILP,12,12,1.0,0.005090528000437189
bidirectional,5,10,13,1053039,Heap-Based,12,12,1.0,6.379400110745337e-05
bidirectional,5,10,14,1053040,ILP,9,9,1.0,0.0048529949999647215
bidirectional,5,10,14,1053040,Heap-Based,9,9,1.0,4.08710002375301e-05
bidirectional,5,10,15,1053041,ILP,11,11,1.0,0.005212371999732568
bidirectional,5,10,15,1053041,Heap-Based,11,11,1.0,5.2911000238964334e-05
bidirectional,5,10,16,1053042,ILP,13,13,1.0,0.009034930999405333
bidirectional,5,10,16,1053042,Heap-Based,13,13,1.0,6.757700066373218e-05
bidirectional,5,10,17,1053043,ILP,13,13,1.0,0.018190524000601727
bidirectional,5,10,17,1053043,Heap-Based,13,13,1.0,6.769799983885605e-05
bidirectional,5,10,18,1053044,ILP,14,14,1.0,0.015301469000405632
bidirectional,5,10,18,1053044,Heap-Based,14,14,1.0,6.951399882382248e-05
bidirectional,5,10,19,1053045,ILP,15,15,1.0,0.005697082000551745
bidirectional,5,10,19,1053045,Heap-Based,15,15,1.0,6.475600093835965e-05
bidirectional,5,10,20,1053046,ILP,12,12,1.0,0.007473609000953729
bidirectional,5,10,20,1053046,Heap-Based,12,12,1.0,5.8338000599178486e-05
bidirectional,5,10,21,1053047,ILP,13,13,1.0,0.006035910000719014
bidirectional,5,10,21,1053047,Heap-Based,13,13,1.0,5.7606999689596705e-05
bidirectional,5,10,22,1053048,ILP,14,14,1.0,0.006053267001334461
bidirectional,5,10,22,1053048,Heap-Based,14,14,1.0,7.270100104506128e-05
bidirectional,5,10,23,1053049,ILP,14,14,1.0,0.024311051000040607
bidirectional,5,10,23,1053049,Heap-Based,14,14,1.0,6.966299952182453e-05
bidirectional,5,10,24,1053050,ILP,14,14,1.0,0.004983869001080166
bidirectional,5,10,24,1053050,Heap-Based,14,14,1.0,4.564800110529177e-05
bidirectional,5,10,25,1053051,ILP,14,14,1.0,0.008046136999837472
bidirectional,5,10,25,1053051,Heap-Based,14,14,1.0,6.750499960617162e-05
bidirectional,5,10,26,1053052,ILP,11,11,1.0,0.005211146999499761
bidirectional,5,10,26,1053052,Heap-Based,11,11,1.0,4.51340001745848e-05
bidirectional,5,10,27,1053053,ILP,14,14,1.0,0.008930677999160253
bidirectional,5,10,27,1053053,Heap-Based,14,14,1.0,6.905200098117348e-05
bidirectional,5,10,28,1053054,ILP,14,14,1.0,0.005791212999611162
bidirectional,5,10,28,1053054,Heap-Based,14,14,1.0,6.138900062069297e-05
bidirectional,5,10,29,1053055,ILP,14,14,1.0,0.0063863089999358635
bidirectional,5,10,29,1053055,Heap-Based,14,14,1.0,5.359799979487434e-05
bidirectional,5,10,30,1053056,ILP,10,10,1.0,0.00512946699927852
bidirectional,5,10,30,1053056,Heap-Based,10,10,1.0,5.1355998948565684e-05
bidirectional,5,10,31,1053057,ILP,11,11,1.0,0.0050498960008553695
bidirectional,5,10,31,1053057,Heap-Based,11,11,1.0,5.097800021758303e-05
bidirectional,5,10,32,1053058,ILP,13,13,1.0,0.018450142999427044
bidirectional,5,10,32,1053058,Heap-Based,13,13,1.0,5.6038999900920317e-05
bidirectional,5,20,0,1054026,ILP,19,19,1.0,0.008140531999742961
bidirectional,5,20,0,1054026,Heap-Based,19,19,1.0,8.39910007925937e-05
bidirectional,5,20,1,1054027,ILP,25,25,1.0,0.006756750999556971
bidirectional,5,20,1,1054027,Heap-Based,25,25,1.0,9.447199954593088e-05
bidirectional,5,20,2,1054028,ILP,20,20,1.0,0.008220203999371734
bidirectional,5,20,2,1054028,Heap-Based,20,20,1.0,0.00011840399929496925
bidirectional,5,20,3,1054029,ILP,20,20,1.0,0.0067185540010541445
bidirectional,5,20,3,1054029,Heap-Based,20,20,1.0,9.68530002865009e-05
bidirectional,5,20,4,1054030,ILP,21,21,1.0,0.00669731000016327
bidirectional,5,20,4,1054030,Heap-Based,21,21,1.0,0.00011320600060571451
bidirectional,5,20,5,1054031,ILP,19,19,1.0,0.007821482999133877
bidirectional,5,20,5,1054031,Heap-Based,19,19,1.0,8.43679990794044e-05
bidirectional,5,20,6,1054032,ILP,24,24,1.0,0.005567079999309499
bidirectional,5,20,6,1054032,Heap-Based,24,24,1.0,8.930500007409137e-05
bidirectional,5,20,7,1054033,ILP,21,21,1.0,0.031037731001561042
bidirectional,5,20,7,1054033,Heap-Based,21,21,1.0,0.00011538099897734355
bidirectional,5,20,8,1054034,ILP,24,24,1.0,0.09199360999991768
bidirectional,5,20,8,1054034,Heap-Based,24,24,1.0,0.0001582650002092123
bidirectional,5,20,9,1054035,ILP,20,20,1.0,0.0050771589994837996
bidirectional,5,20,9,1054035,Heap-Based,20,20,1.0,7.332499990297947e-05
bidirectional,5,20,10,1054036,ILP,17,17,1.0,0.004927527999825543
bidirectional,5,20,10,1054036,Heap-Based,17,17,1.0,6.838099943706766e-05
bidirectional,5,20,11,1054037,ILP,23,23,1.0,0.00581679099923349
bidirectional,5,20,11,1054037,Heap-Based,23,23,1.0,8.948699905886315e-05
bidirectional,5,20,12,1054038,ILP,23,23,1.0,0.004081833998498041
bidirectional,5,20,12,1054038,Heap-Based,23,23,1.0,8.084199907898437e-05
bidirectional,5,20,13,1054039,ILP,22,22,1.0,0.016447939999125083
bidirectional,5,20,13,1054039,Heap-Based,22,22,1.0,0.00010613800077408087
bidirectional,5,20,14,1054040,ILP,21,21,1.0,0.036569429001247045
bidirectional,5,20,14,1054040,Heap-Based,21,21,1.0,0.0001351589999103453
bidirectional,5,20,15,1054041,ILP,20,20,1.0,0.007298647000425262
bidirectional,5,20,15,1054041,Heap-Based,20,20,1.0,0.00011830800031020772
bidirectional,5,20,16,1054042,ILP,23,23,1.0,0.007958232999953907
bidirectional,5,20,16,1054042,Heap-Based,23,23,1.0,0.00011164100033056457
bidirectional,5,20,17,1054043,ILP,22,22,1.0,0.004453020999790169
bidirectional,5,20,17,1054043,Heap-Based,22,22,1.0,7.58440000936389e-05
bidirectional,5,20,18,1054044,ILP,22,22,1.0,0.02792556100030197
bidirectional,5,20,18,1054044,Heap-Based,22,22,1.0,0.00012684899957093876
bidirectional,5,20,19,1054045,ILP,17,17,1.0,0.005026749000535347
bidirectional,5,20,19,1054045,Heap-Based,17,17,1.0,6.970100002945401e-05
bidirectional,5,20,20,1054046,ILP,19,19,1.0,0.005166578001080779
bidirectional,5,20,20,1054046,Heap-Based,19,19,1.0,8.143699960783124e-05
bidirectional,5,20,21,1054047,ILP,23,23,1.0,0.004740712000057101
bidirectional,5,20,21,1054047,Heap-Based,23,23,1.0,8.57760005601449e-05
bidirectional,5,20,22,1054048,ILP,19,19,1.0,0.008444174000032945
bidirectional,5,20,22,1054048,Heap-Based,19,19,1.0,9.98030009213835e-05
bidirectional,5,20,23,1054049,ILP,20,20,1.0,0.015339941999627627
bidirectional,5,20,23,1054049,Heap-Based,20,20,1.0,0.00014869900041958317
bidirectional,5,20,24,1054050,ILP,21,21,1.0,0.024261955000838498
bidirectional,5,20,24,1054050,Heap-Based,21,21,1.0,0.00010681099956855178
bidirectional,5,20,25,1054051,ILP,22,22,1.0,0.03995575400040252
bidirectional,5,20,25,1054051,Heap-Based,22,22,1.0,0.00012677800077653956
bidirectional,5,20,26,1054052,ILP,22,22,1.0,0.007646153999303351
bidirectional,5,20,26,1054052,Heap-Based,22,22,1.0,9.190600030706264e-05
bidirectional,5,20,27,1054053,ILP,16,16,1.0,0.007397956000204431
bidirectional,5,20,27,1054053,Heap-Based,16,16,1.0,7.986400123627391e-05
bidirectional,5,20,28,1054054,ILP,21,21,1.0,0.028743169001245406
bidirectional,5,20,28,1054054,Heap-Based,21,21,1.0,0.00012225299906276632
bidirectional,5,20,29,1054055,ILP,15,15,1.0,0.005272447000606917
bidirectional,5,20,29,1054055,Heap-Based,15,15,1.0,6.563500028278213e-05
bidirectional,5,20,30,1054056,ILP,16,16,1.0,0.01772916499976418
bidirectional,5,20,30,1054056,Heap-Based,16,16,1.0,8.210299893107731e-05
bidirectional,5,20,31,1054057,ILP,24,24,1.0,0.006415833999199094
bidirectional,5,20,31,1054057,Heap-Based,24,24,1.0,0.00011265700049989391
bidirectional,5,20,32,1054058,ILP,22,22,1.0,0.004887306999080465
bidirectional,5,20,32,1054058,Heap-Based,22,22,1.0,7.061599899316207e-05
bidirectional,5,30,0,1055026,ILP,31,31,1.0,0.0088301700016018
bidirectional,5,30,0,1055026,Heap-Based,31,31,1.0,0.00018668000120669603
bidirectional,5,30,1,1055027,ILP,30,30,1.0,0.008248971000284655
bidirectional,5,30,1,1055027,Heap-Based,30,30,1.0,0.00019627199981187005
bidirectional,5,30,2,1055028,ILP,26,26,1.0,0.007124679999833461
bidirectional,5,30,2,1055028,Heap-Based,26,26,1.0,0.0001519939996796893
bidirectional,5,30,3,1055029,ILP,33,33,1.0,0.007764317999317427
bidirectional,5,30,3,1055029,Heap-Based,33,33,1.0,0.0001728469997033244
bidirectional,5,30,4,1055030,ILP,23,23,1.0,0.005101744000057806
bidirectional,5,30,4,1055030,Heap-Based,23,23,1.0,7.430400000885129e-05
bidirectional,5,30,5,1055031,ILP,31,31,1.0,0.012032299000566127
bidirectional,5,30,5,1055031,Heap-Based,31,31,1.0,0.0001620780003577238
bidirectional,5,30,6,1055032,ILP,34,34,1.0,0.008408560001043952
bidirectional,5,30,6,1055032,Heap-Based,34,34,1.0,0.00026154599981964566
bidirectional,5,30,7,1055033,ILP,31,31,1.0,0.006910392999998294
bidirectional,5,30,7,1055033,Heap-Based,31,31,1.0,0.00018001500029640738
bidirectional,5,30,8,1055034,ILP,31,31,1.0,0.011992833000476821
bidirectional,5,30,8,1055034,Heap-Based,31,31,1.0,0.0001695179998932872
bidirectional,5,30,9,1055035,ILP,33,33,1.0,0.005709309998565004
bidirectional,5,30,9,1055035,Heap-Based,33,33,1.0,0.00012037099986628164
bidirectional,5,30,10,1055036,ILP,34,34,1.0,0.013196223999329959
bidirectional,5,30,10,1055036,Heap-Based,34,34,1.0,0.00018451700088917278
bidirectional,5,30,11,1055037,ILP,33,33,1.0,0.0058308330008003395
bidirectional,5,30,11,1055037,Heap-Based,33,33,1.0,0.0001132100005634129
bidirectional,5,30,12,1055038,ILP,30,30,1.0,0.005235909000475658
bidirectional,5,30,12,1055038,Heap-Based,30,30,1.0,0.000134694999360363
bidirectional,5,30,13,1055039,ILP,32,32,1.0,0.0399862470003427
bidirectional,5,30,13,1055039,Heap-Based,32,32,1.0,0.00019468099890218582
bidirectional,5,30,14,1055040,ILP,26,26,1.0,0.006898335999721894
bidirectional,5,30,14,1055040,Heap-Based,26,26,1.0,0.00012146900007792283
bidirectional,5,30,15,1055041,ILP,34,34,1.0,0.0075464879992068745
bidirectional,5,30,15,1055041,Heap-Based,34,34,1.0,0.00016721099927963223
bidirectional,5,30,16,1055042,ILP,18,18,1.0,0.00565327900039847
bidirectional,5,30,16,1055042,Heap-Based,18,18,1.0,6.408399895008188e-05
bidirectional,5,30,17,1055043,ILP,32,32,1.0,0.007348520000959979
bidirectional,5,30,17,1055043,Heap-Based,32,32,1.0,0.00015506100135098677
bidirectional,5,30,18,1055044,ILP,30,30,1.0,0.024567139000282623
bidirectional,5,30,18,1055044,Heap-Based,30,30,1.0,0.00020771900017280132
bidirectional,5,30,19,1055045,ILP,30,30,1.0,0.009831462999500218
bidirectional,5,30,19,1055045,Heap-Based,30,30,1.0,0.00017054700037988368
bidirectional,5,30,20,1055046,ILP,29,29,1.0,0.009183324000332505
bidirectional,5,30,20,1055046,Heap-Based,29,29,1.0,0.00021208799989835825
bidirectional,5,30,21,1055047,ILP,29,29,1.0,0.007829474001482595
bidirectional,5,30,21,1055047,Heap-Based,29,29,1.0,0.00011552400064829271
bidirectional,5,30,22,1055048,ILP,30,30,1.0,0.016741729999921517
bidirectional,5,30,22,1055048,Heap-Based,30,30,1.0,0.00020995599879825022
bidirectional,5,30,23,1055049,ILP,34,34,1.0,0.009419523001270136
bidirectional,5,30,23,1055049,Heap-Based,34,34,1.0,0.00019466800040390808
bidirectional,5,30,24,1055050,ILP,30,30,1.0,0.012763040000209003
bidirectional,5,30,24,1055050,Heap-Based,30,30,1.0,0.00016308599879266694
bidirectional,5,30,25,1055051,ILP,26,26,1.0,0.008021044999622973
bidirectional,5,30,25,1055051,Heap-Based,26,26,1.0,0.0001647120006964542
bidirectional,5,30,26,1055052,ILP,32,32,1.0,0.007086461000653799
bidirectional,5,30,26,1055052,Heap-Based,32,32,1.0,0.00016489900008309633
bidirectional,5,30,27,1055053,ILP,30,30,1.0,0.007554824000180815
bidirectional,5,30,27,1055053,Heap-Based,30,30,1.0,0.00013666499944520183
bidirectional,5,30,28,1055054,ILP,17,17,1.0,0.005067542000688263
bidirectional,5,30,28,1055054,Heap-Based,17,17,1.0,8.303499998874031e-05
bidirectional,5,30,29,1055055,ILP,29,29,1.0,0.0067232260007585865
bidirectional,5,30,29,1055055,Heap-Based,29,29,1.0,0.00013945399950898718
bidirectional,5,30,30,1055056,ILP,27,27,1.0,0.00968954699965252
bidirectional,5,30,30,1055056,Heap-Based,27,27,1.0,0.0001464809993194649
bidirectional,5,30,31,1055057,ILP,33,33,1.0,0.02340360000016517
bidirectional,5,30,31,1055057,Heap-Based,33,33,1.0,0.00020740999934787396
bidirectional,5,30,32,1055058,ILP,30,30,1.0,0.012024063000353635
bidirectional,5,30,32,1055058,Heap-Based,30,30,1.0,0.00019978599993919488
bidirectional,5,40,0,1056026,ILP,37,37,1.0,0.006699404000755749
bidirectional,5,40,0,1056026,Heap-Based,37,37,1.0,0.0001609070004633395
bidirectional,5,40,1,1056027,ILP,41,41,1.0,0.008777408000241849
bidirectional,5,40,1,1056027,Heap-Based,41,41,1.0,0.0002393909999227617
bidirectional,5,40,2,1056028,ILP,34,34,1.0,0.011595414000112214
bidirectional,5,40,2,1056028,Heap-Based,34,34,1.0,0.00022091400023782626
bidirectional,5,40,3,1056029,ILP,41,41,1.0,0.01156271400031983
bidirectional,5,40,3,1056029,Heap-Based,41,41,1.0,0.00038408999898820184
bidirectional,5,40,4,1056030,ILP,39,39,1.0,0.037111805999302305
bidirectional,5,40,4,1056030,Heap-Based,39,39,1.0,0.00035571999978856184
bidirectional,5,40,5,1056031,ILP,42,42,1.0,0.12899604799895314
bidirectional,5,40,5,1056031,Heap-Based,42,42,1.0,0.00044236600115254987
bidirectional,5,40,6,1056032,ILP,28,28,1.0,0.010702333000153885
bidirectional,5,40,6,1056032,Heap-Based,28,28,1.0,0.00017418700008420274
bidirectional,5,40,7,1056033,ILP,33,33,1.0,0.010300476000338676
bidirectional,5,40,7,1056033,Heap-Based,33,33,1.0,0.00024736299928918015
bidirectional,5,40,8,1056034,ILP,43,43,1.0,0.012293025998587837
bidirectional,5,40,8,1056034,Heap-Based,43,43,1.0,0.00030654399961349554
bidirectional,5,40,9,1056035,ILP,36,36,1.0,0.006294094000622863
bidirectional,5,40,9,1056035,Heap-Based,36,36,1.0,0.00020541000048979186
bidirectional,5,40,10,1056036,ILP,39,39,1.0,0.019334679000166943
bidirectional,5,40,10,1056036,Heap-Based,39,39,1.0,0.0003143400008411845
bidirectional,5,40,11,1056037,ILP,43,43,1.0,0.017649866998908692
bidirectional,5,40,11,1056037,Heap-Based,43,43,1.0,0.00033538199932081625
bidirectional,5,40,12,1056038,ILP,30,30,1.0,0.00835127899881627
bidirectional,5,40,12,1056038,Heap-Based,30,30,1.0,0.0001711389995762147
bidirectional,5,40,13,1056039,ILP,42,42,1.0,0.013435656999718049
bidirectional,5,40,13,1056039,Heap-Based,42,42,1.0,0.000341030001436593
bidirectional,5,40,14,1056040,ILP,42,42,1.0,0.021120493998751044
bidirectional,5,40,14,1056040,Heap-Based,42,42,1.0,0.0003147190000163391
bidirectional,5,40,15,1056041,ILP,40,40,1.0,0.01307991000066977
bidirectional,5,40,15,1056041,Heap-Based,40,40,1.0,0.0002698480002436554
bidirectional,5,40,16,1056042,ILP,35,35,1.0,0.009200938999128994
bidirectional,5,40,16,1056042,Heap-Based,35,35,1.0,0.00018397399981040508
bidirectional,5,40,17,1056043,ILP,40,40,1.0,0.01068035400021472
bidirectional,5,40,17,1056043,Heap-Based,40,40,1.0,0.00020910899911541492
bidirectional,5,40,18,1056044,ILP,39,39,1.0,0.011566246001166292
bidirectional,5,40,18,1056044,Heap-Based,39,39,1.0,0.0002702980000321986
bidirectional,5,40,19,1056045,ILP,40,40,1.0,0.017988064000746817
bidirectional,5,40,19,1056045,Heap-Based,40,40,1.0,0.0003904629993485287
bidirectional,5,40,20,1056046,ILP,28,28,1.0,0.00826944700020249
bidirectional,5,40,20,1056046,Heap-Based,28,28,1.0,0.00016545099970244337
bidirectional,5,40,21,1056047,ILP,43,43,1.0,0.012161647000539233
bidirectional,5,40,21,1056047,Heap-Based,43,43,1.0,0.0003955180000048131
bidirectional,5,40,22,1056048,ILP,37,37,1.0,0.02119249499992293
bidirectional,5,40,22,1056048,Heap-Based,37,37,1.0,0.0002972469992528204
bidirectional,5,40,23,1056049,ILP,38,38,1.0,0.029598723998788046
bidirectional,5,40,23,1056049,Heap-Based,38,38,1.0,0.00032865499997569714
bidirectional,5,40,24,1056050,ILP,39,39,1.0,0.00750893099939276
bidirectional,5,40,24,1056050,Heap-Based,39,39,1.0,0.0002513210001779953
bidirectional,5,40,25,1056051,ILP,35,35,1.0,0.014171312999678776
bidirectional,5,40,25,1056051,Heap-Based,35,35,1.0,0.0002315540004929062
bidirectional,5,40,26,1056052,ILP,41,41,1.0,0.015311204000681755
bidirectional,5,40,26,1056052,Heap-Based,41,41,1.0,0.00026743800117401406
bidirectional,5,40,27,1056053,ILP,36,36,1.0,0.01324048300011782
bidirectional,5,40,27,1056053,Heap-Based,36,36,1.0,0.00020819200108235236
bidirectional,5,40,28,1056054,ILP,40,40,1.0,0.009125319000304444
bidirectional,5,40,28,1056054,Heap-Based,40,40,1.0,0.00021095500051160343
bidirectional,5,40,29,1056055,ILP,42,42,1.0,0.00924533000033989
bidirectional,5,40,29,1056055,Heap-Based,42,42,1.0,0.0002445720001560403
bidirectional,5,40,30,1056056,ILP,39,39,1.0,0.010772967998491367
bidirectional,5,40,30,1056056,Heap-Based,39,39,1.0,0.0003005780017701909
bidirectional,5,40,31,1056057,ILP,45,45,1.0,0.024992402000862057
bidirectional,5,40,31,1056057,Heap-Based,45,45,1.0,0.0003651770002761623
bidirectional,5,40,32,1056058,ILP,36,36,1.0,0.012440192998838029
bidirectional,5,40,32,1056058,Heap-Based,36,36,1.0,0.0002474900011293357
bidirectional,10,10,0,1103026,ILP,15,15,1.0,0.02156205599931127
bidirectional,10,10,0,1103026,Heap-Based,15,15,1.0,0.00011270499999227468
bidirectional,10,10,1,1103027,ILP,16,16,1.0,0.33459956200022134
bidirectional,10,10,1,1103027,Heap-Based,16,16,1.0,0.000165027999173617
bidirectional,10,10,2,1103028,ILP,13,13,1.0,0.0135745979987405
bidirectional,10,10,2,1103028,Heap-Based,13,13,1.0,0.0001099620003515156
bidirectional,10,10,3,1103029,ILP,15,15,1.0,0.1560513849999552
bidirectional,10,10,3,1103029,Heap-Based,15,15,1.0,0.00011215599988645408
bidirectional,10,10,4,1103030,ILP,12,12,1.0,0.014590676999432617
bidirectional,10,10,4,1103030,Heap-Based,12,12,1.0,8.825999975670129e-05
bidirectional,10,10,5,1103031,ILP,14,14,1.0,0.1453604649996123
bidirectional,10,10,5,1103031,Heap-Based,14,14,1.0,0.00015785699906700756
bidirectional,10,10,6,1103032,ILP,14,14,1.0,0.12777504500081704
bidirectional,10,10,6,1103032,Heap-Based,14,14,1.0,0.0001661910009715939
bidirectional,10,10,7,1103033,ILP,13,13,1.0,0.037739751000117394
bidirectional,10,10,7,1103033,Heap-Based,13,13,1.0,0.00011688499944284558
bidirectional,10,10,8,1103034,ILP,12,12,1.0,0.008881072999429307
bidirectional,10,10,8,1103034,Heap-Based,12,12,1.0,7.541599916294217e-05
bidirectional,10,10,9,1103035,ILP,13,13,1.0,0.2266608730005828
bidirectional,10,10,9,1103035,Heap-Based,13,13,1.0,7.905700113042258e-05
bidirectional,10,10,10,1103036,ILP,14,14,1.0,0.1379238939989591
bidirectional,10,10,10,1103036,Heap-Based,14,14,1.0,0.00010922699948423542
bidirectional,10,10,11,1103037,ILP,12,12,1.0,0.044350494999889634
bidirectional,10,10,11,1103037,Heap-Based,12,12,1.0,8.722199891053606e-05
bidirectional,10,10,12,1103038,ILP,15,15,1.0,0.1865025169990986
bidirectional,10,10,12,1103038,Heap-Based,15,15,1.0,0.00010740800098574255
bidirectional,10,10,13,1103039,ILP,11,11,1.0,0.013950823000413948
bidirectional,10,10,13,1103039,Heap-Based,12,11,1.0909090909090908,8.203200013667811e-05
bidirectional,10,10,14,1103040,ILP,15,15,1.0,0.07966854000005696
bidirectional,10,10,14,1103040,Heap-Based,15,15,1.0,0.00011077800081693567
bidirectional,10,10,15,1103041,ILP,12,12,1.0,0.038597363000008045
bidirectional,10,10,15,1103041,Heap-Based,12,12,1.0,7.96429994807113e-05
bidirectional,10,10,16,1103042,ILP,13,13,1.0,0.05683521600076347
bidirectional,10,10,16,1103042,Heap-Based,13,13,1.0,9.871399925032165e-05
bidirectional,10,10,17,1103043,ILP,13,13,1.0,0.15825532300004852
bidirectional,10,10,17,1103043,Heap-Based,13,13,1.0,9.005799984151963e-05
bidirectional,10,10,18,1103044,ILP,10,10,1.0,0.010694690001400886
bidirectional,10,10,18,1103044,Heap-Based,11,10,1.1,0.0001057599984051194
bidirectional,10,10,19,1103045,ILP,13,13,1.0,0.2622116559996357
bidirectional,10,10,19,1103045,Heap-Based,13,13,1.0,9.967400001187343e-05
bidirectional,10,10,20,1103046,ILP,15,15,1.0,0.3349587020002218
bidirectional,10,10,20,1103046,Heap-Based,15,15,1.0,0.00010851800107047893
bidirectional,10,10,21,1103047,ILP,16,16,1.0,0.09194057999957295
bidirectional,10,10,21,1103047,Heap-Based,16,16,1.0,0.00011462499969638884
bidirectional,10,10,22,1103048,ILP,14,14,1.0,0.08058722000168927
bidirectional,10,10,22,1103048,Heap-Based,14,14,1.0,9.611199857317843e-05
bidirectional,10,10,23,1103049,ILP,14,14,1.0,0.22589962999882118
bidirectional,10,10,23,1103049,Heap-Based,15,14,1.0714285714285714,0.00012008799967588857
bidirectional,10,10,24,1103050,ILP,15,15,1.0,0.4239430320012616
bidirectional,10,10,24,1103050,Heap-Based,15,15,1.0,0.00012844299999414943
bidirectional,10,10,25,1103051,ILP,11,11,1.0,0.018706521001149667
bidirectional,10,10,25,1103051,Heap-Based,11,11,1.0,8.907500159693882e-05
bidirectional,10,10,26,1103052,ILP,15,15,1.0,0.09218218800015165
bidirectional,10,10,26,1103052,Heap-Based,15,15,1.0,9.844099986366928e-05
bidirectional,10,10,27,1103053,ILP,15,15,1.0,0.10465793000003032
bidirectional,10,10,27,1103053,Heap-Based,15,15,1.0,0.00010333399950468447
bidirectional,10,10,28,1103054,ILP,11,11,1.0,0.0381383759995515
bidirectional,10,10,28,1103054,Heap-Based,11,11,1.0,0.0001042889998643659
bidirectional,10,10,29,1103055,ILP,13,13,1.0,0.006533498999488074
bidirectional,10,10,29,1103055,Heap-Based,13,13,1.0,9.141100053966511e-05
bidirectional,10,10,30,1103056,ILP,14,14,1.0,0.2255967529999907
bidirectional,10,10,30,1103056,Heap-Based,14,14,1.0,0.00011896500109287445
bidirectional,10,10,31,1103057,ILP,13,13,1.0,0.18493082799977856
bidirectional,10,10,31,1103057,Heap-Based,13,13,1.0,0.00011856000128318556
bidirectional,10,10,32,1103058,ILP,14,14,1.0,0.20540682200044103
bidirectional,10,10,32,1103058,Heap-Based,14,14,1.0,0.00011766900024667848
bidirectional,10,20,0,1104026,ILP,24,24,1.0,0.03159947299900523
bidirectional,10,20,0,1104026,Heap-Based,24,24,1.0,0.00014369600103236735
bidirectional,10,20,1,1104027,ILP,23,23,1.0,0.12909057099932397
bidirectional,10,20,1,1104027,Heap-Based,23,23,1.0,0.00021333800032152794
bidirectional,10,20,2,1104028,ILP,24,24,1.0,0.3246306540004298
bidirectional,10,20,2,1104028,Heap-Based,24,24,1.0,0.0002045519995590439
bidirectional,10,20,3,1104029,ILP,23,23,1.0,0.08886276600060228
bidirectional,10,20,3,1104029,Heap-Based,23,23,1.0,0.00019551400146156084
bidirectional,10,20,4,1104030,ILP,25,25,1.0,0.03603519500029506
bidirectional,10,20,4,1104030,Heap-Based,25,25,1.0,0.00020063299962203018
bidirectional,10,20,5,1104031,ILP,24,24,1.0,0.02555784399919503
bidirectional,10,20,5,1104031,Heap-Based,24,24,1.0,0.00018580899995868094
bidirectional,10,20,6,1104032,ILP,23,23,1.0,0.11291883999911079
bidirectional,10,20,6,1104032,Heap-Based,23,23,1.0,0.00019084599989582784
bidirectional,10,20,7,1104033,ILP,25,25,1.0,0.14610937599900353
bidirectional,10,20,7,1104033,Heap-Based,25,25,1.0,0.00016092000078060664
bidirectional,10,20,8,1104034,ILP,22,22,1.0,0.1218334599998343
bidirectional,10,20,8,1104034,Heap-Based,22,22,1.0,0.000212650000321446
bidirectional,10,20,9,1104035,ILP,18,18,1.0,0.06828351699914492
bidirectional,10,20,9,1104035,Heap-Based,18,18,1.0,0.00015330400128732435
bidirectional,10,20,10,1104036,ILP,19,19,1.0,0.021846084000571864
bidirectional,10,20,10,1104036,Heap-Based,19,19,1.0,0.00017016899982991163
bidirectional,10,20,11,1104037,ILP,22,22,1.0,0.17858255200007989
bidirectional,10,20,11,1104037,Heap-Based,22,22,1.0,0.00022583799909625668
bidirectional,10,20,12,1104038,ILP,20,20,1.0,0.1685191249998752
bidirectional,10,20,12,1104038,Heap-Based,20,20,1.0,0.00019709600019268692
bidirectional,10,20,13,1104039,ILP,20,20,1.0,0.04676707700127736
bidirectional,10,20,13,1104039,Heap-Based,20,20,1.0,0.00016724300076020882
bidirectional,10,20,14,1104040,ILP,24,24,1.0,0.15261874600037117
bidirectional,10,20,14,1104040,Heap-Based,24,24,1.0,0.00020881999989796896
bidirectional,10,20,15,1104041,ILP,24,24,1.0,0.05878852699970594
bidirectional,10,20,15,1104041,Heap-Based,24,24,1.0,0.00024643699907755945
bidirectional,10,20,16,1104042,ILP,23,23,1.0,0.06556926799930807
bidirectional,10,20,16,1104042,Heap-Based,23,23,1.0,0.00018052300038107205
bidirectional,10,20,17,1104043,ILP,21,21,1.0,0.16927929899975425
bidirectional,10,20,17,1104043,Heap-Based,21,21,1.0,0.00017618499987293035
bidirectional,10,20,18,1104044,ILP,16,16,1.0,0.031982573000277625
bidirectional,10,20,18,1104044,Heap-Based,16,16,1.0,0.00014392699995369185
bidirectional,10,20,19,1104045,ILP,24,24,1.0,0.06547618500007957
bidirectional,10,20,19,1104045,Heap-Based,24,24,1.0,0.00016915500054892618
bidirectional,10,20,20,1104046,ILP,24,24,1.0,0.0555059540001821
bidirectional,10,20,20,1104046,Heap-Based,24,24,1.0,0.00017632500021136366
bidirectional,10,20,21,1104047,ILP,21,21,1.0,0.011702702999173198
bidirectional,10,20,21,1104047,Heap-Based,21,21,1.0,0.0001513600000180304
bidirectional,10,20,22,1104048,ILP,21,21,1.0,0.05106650299967441
bidirectional,10,20,22,1104048,Heap-Based,21,21,1.0,0.00015520200031460263
bidirectional,10,20,23,1104049,ILP,23,23,1.0,0.10948016399925109
bidirectional,10,20,23,1104049,Heap-Based,23,23,1.0,0.00022851199901197106
bidirectional,10,20,24,1104050,ILP,22,22,1.0,0.13454761799948756
bidirectional,10,20,24,1104050,Heap-Based,22,22,1.0,0.00022119000095699448
bidirectional,10,20,25,1104051,ILP,22,22,1.0,0.0838799499997549
bidirectional,10,20,25,1104051,Heap-Based,22,22,1.0,0.00018719499894359615
bidirectional,10,20,26,1104052,ILP,24,24,1.0,0.017931718000909314
bidirectional,10,20,26,1104052,Heap-Based,24,24,1.0,0.0001778900004865136
bidirectional,10,20,27,1104053,ILP,19,19,1.0,0.07138995499917655
bidirectional,10,20,27,1104053,Heap-Based,19,19,1.0,0.00018154999997932464
bidirectional,10,20,28,1104054,ILP,24,24,1.0,0.02024523200088879
bidirectional,10,20,28,1104054,Heap-Based,24,24,1.0,0.00017882300016935915
bidirectional,10,20,29,1104055,ILP,23,23,1.0,0.3175200300011056
bidirectional,10,20,29,1104055,Heap-Based,23,23,1.0,0.00021911800104135182
bidirectional,10,20,30,1104056,ILP,23,23,1.0,0.1056268859992997
bidirectional,10,20,30,1104056,Heap-Based,23,23,1.0,0.00020994000078644603
bidirectional,10,20,31,1104057,ILP,23,23,1.0,0.047393451000971254
bidirectional,10,20,31,1104057,Heap-Based,23,23,1.0,0.00018865799938794225
bidirectional,10,20,32,1104058,ILP,18,18,1.0,0.047399344000950805
bidirectional,10,20,32,1104058,Heap-Based,18,18,1.0,0.00013859700084140059
bidirectional,10,30,0,1105026,ILP,32,32,1.0,0.039724791999105946
bidirectional,10,30,0,1105026,Heap-Based,32,32,1.0,0.0002881399996113032
bidirectional,10,30,1,1105027,ILP,31,31,1.0,0.0293735450013628
bidirectional,10,30,1,1105027,Heap-Based,31,31,1.0,0.00027610799952526577
bidirectional,10,30,2,1105028,ILP,31,31,1.0,0.11139261899916164
bidirectional,10,30,2,1105028,Heap-Based,31,31,1.0,0.0002785050000966294
bidirectional,10,30,3,1105029,ILP,30,30,1.0,0.20671586299977207
bidirectional,10,30,3,1105029,Heap-Based,30,30,1.0,0.0003211619987268932
bidirectional,10,30,4,1105030,ILP,31,31,1.0,0.3091616719993908
bidirectional,10,30,4,1105030,Heap-Based,31,31,1.0,0.000286433998553548
bidirectional,10,30,5,1105031,ILP,31,31,1.0,0.44807955999931437
bidirectional,10,30,5,1105031,Heap-Based,31,31,1.0,0.0003950480004277779
bidirectional,10,30,6,1105032,ILP,34,34,1.0,0.01609116100007668
bidirectional,10,30,6,1105032,Heap-Based,34,34,1.0,0.00024300499899254646
bidirectional,10,30,7,1105033,ILP,26,26,1.0,0.10982518299897492
bidirectional,10,30,7,1105033,Heap-Based,26,26,1.0,0.00028847100111306645
bidirectional,10,30,8,1105034,ILP,32,32,1.0,0.12540641200030223
bidirectional,10,30,8,1105034,Heap-Based,32,32,1.0,0.00034192599923699163
bidirectional,10,30,9,1105035,ILP,30,30,1.0,0.012205517999973381
bidirectional,10,30,9,1105035,Heap-Based,30,30,1.0,0.00022974600142333657
bidirectional,10,30,10,1105036,ILP,32,32,1.0,0.1597819079997862
bidirectional,10,30,10,1105036,Heap-Based,32,32,1.0,0.000388561000363552
bidirectional,10,30,11,1105037,ILP,33,33,1.0,0.2947232160004205
bidirectional,10,30,11,1105037,Heap-Based,33,33,1.0,0.0003689619989017956
bidirectional,10,30,12,1105038,ILP,33,33,1.0,0.08556924399999843
bidirectional,10,30,12,1105038,Heap-Based,33,33,1.0,0.000242161000642227
bidirectional,10,30,13,1105039,ILP,30,30,1.0,0.08891960799883236
bidirectional,10,30,13,1105039,Heap-Based,30,30,1.0,0.00026860500111069996
bidirectional,10,30,14,1105040,ILP,31,31,1.0,0.024577217000114615
bidirectional,10,30,14,1105040,Heap-Based,31,31,1.0,0.00031698500060883816
bidirectional,10,30,15,1105041,ILP,27,27,1.0,0.16675226900042617
bidirectional,10,30,15,1105041,Heap-Based,27,27,1.0,0.00026532299852988217
bidirectional,10,30,16,1105042,ILP,30,30,1.0,0.0853455849992315
bidirectional,10,30,16,1105042,Heap-Based,30,30,1.0,0.000247559999479563
bidirectional,10,30,17,1105043,ILP,30,30,1.0,0.07081393899898103
bidirectional,10,30,17,1105043,Heap-Based,30,30,1.0,0.00020840300021518487
bidirectional,10,30,18,1105044,ILP,33,33,1.0,0.30290854000122636
bidirectional,10,30,18,1105044,Heap-Based,33,33,1.0,0.000360156000169809
bidirectional,10,30,19,1105045,ILP,29,29,1.0,0.06807645699882414
bidirectional,10,30,19,1105045,Heap-Based,29,29,1.0,0.00027039400083594956
bidirectional,10,30,20,1105046,ILP,27,27,1.0,0.055942033000974334
bidirectional,10,30,20,1105046,Heap-Based,27,27,1.0,0.0003565899987734156
bidirectional,10,30,21,1105047,ILP,32,32,1.0,0.11594066999896313
bidirectional,10,30,21,1105047,Heap-Based,32,32,1.0,0.00027713300005416386
bidirectional,10,30,22,1105048,ILP,33,33,1.0,0.045564685000499594
bidirectional,10,30,22,1105048,Heap-Based,33,33,1.0,0.00034020400016743224
bidirectional,10,30,23,1105049,ILP,34,34,1.0,0.19023696600015683
bidirectional,10,30,23,1105049,Heap-Based,34,34,1.0,0.0003771759984374512
bidirectional,10,30,24,1105050,ILP,33,33,1.0,0.2314446799991856
bidirectional,10,30,24,1105050,Heap-Based,33,33,1.0,0.00028834700060542673
bidirectional,10,30,25,1105051,ILP,28,28,1.0,0.0064862090002861805
bidirectional,10,30,25,1105051,Heap-Based,28,28,1.0,0.00014408499919227324
bidirectional,10,30,26,1105052,ILP,28,28,1.0,0.2793414469997515
bidirectional,10,30,26,1105052,Heap-Based,28,28,1.0,0.0002834659990185173
bidirectional,10,30,27,1105053,ILP,35,35,1.0,0.05513937500109023
bidirectional,10,30,27,1105053,Heap-Based,35,35,1.0,0.00032316899887518957
bidirectional,10,30,28,1105054,ILP,27,27,1.0,0.1211691989992687
bidirectional,10,30,28,1105054,Heap-Based,27,27,1.0,0.0002328890004719142
bidirectional,10,30,29,1105055,ILP,28,28,1.0,0.08609063400035666
bidirectional,10,30,29,1105055,Heap-Based,28,28,1.0,0.00032468000063090585
bidirectional,10,30,30,1105056,ILP,29,29,1.0,0.10032681399934518
bidirectional,10,30,30,1105056,Heap-Based,29,29,1.0,0.0002949760000774404
bidirectional,10,30,31,1105057,ILP,31,31,1.0,0.03365351600041322
bidirectional,10,30,31,1105057,Heap-Based,31,31,1.0,0.00028576600016094744
bidirectional,10,30,32,1105058,ILP,32,32,1.0,0.11379819799913093
bidirectional,10,30,32,1105058,Heap-Based,32,32,1.0,0.0003195909994246904
bidirectional,10,40,0,1106026,ILP,37,37,1.0,0.14588921699942148
bidirectional,10,40,0,1106026,Heap-Based,37,37,1.0,0.0004391109996504383
bidirectional,10,40,1,1106027,ILP,41,41,1.0,0.17828358699989622
bidirectional,10,40,1,1106027,Heap-Based,41,41,1.0,0.0004672209997806931
bidirectional,10,40,2,1106028,ILP,40,40,1.0,0.277279529000225
bidirectional,10,40,2,1106028,Heap-Based,40,40,1.0,0.0005451510005514137
bidirectional,10,40,3,1106029,ILP,40,40,1.0,0.6057090670001344
bidirectional,10,40,3,1106029,Heap-Based,40,40,1.0,0.0005217530015215743
bidirectional,10,40,4,1106030,ILP,39,39,1.0,0.18973255499986408
bidirectional,10,40,4,1106030,Heap-Based,39,39,1.0,0.00037467899892362766
bidirectional,10,40,5,1106031,ILP,34,34,1.0,0.050517428000603104
bidirectional,10,40,5,1106031,Heap-Based,34,34,1.0,0.000226988999202149
bidirectional,10,40,6,1106032,ILP,38,38,1.0,0.5173503300011362
bidirectional,10,40,6,1106032,Heap-Based,38,38,1.0,0.0004651039998861961
bidirectional,10,40,7,1106033,ILP,46,46,1.0,0.19732527700034552
bidirectional,10,40,7,1106033,Heap-Based,46,46,1.0,0.000594577000811114
bidirectional,10,40,8,1106034,ILP,44,44,1.0,0.04299517899926286
bidirectional,10,40,8,1106034,Heap-Based,44,44,1.0,0.0005134510010975646
bidirectional,10,40,9,1106035,ILP,45,45,1.0,0.18933015999937197
bidirectional,10,40,9,1106035,Heap-Based,45,45,1.0,0.0005126020005263854
bidirectional,10,40,10,1106036,ILP,44,44,1.0,0.424363252999683
bidirectional,10,40,10,1106036,Heap-Based,44,44,1.0,0.0005940549999650102
bidirectional,10,40,11,1106037,ILP,39,39,1.0,0.1676550979991589
bidirectional,10,40,11,1106037,Heap-Based,39,39,1.0,0.0004142540001339512
bidirectional,10,40,12,1106038,ILP,37,37,1.0,0.12052713200137077
bidirectional,10,40,12,1106038,Heap-Based,37,37,1.0,0.00038205800046853255
bidirectional,10,40,13,1106039,ILP,41,41,1.0,0.18921752300047956
bidirectional,10,40,13,1106039,Heap-Based,41,41,1.0,0.0004925260000163689
bidirectional,10,40,14,1106040,ILP,41,41,1.0,0.08490952600004675
bidirectional,10,40,14,1106040,Heap-Based,41,41,1.0,0.00034801699985109735
bidirectional,10,40,15,1106041,ILP,39,39,1.0,0.0642831400000432
bidirectional,10,40,15,1106041,Heap-Based,39,39,1.0,0.00040874799924495164
bidirectional,10,40,16,1106042,ILP,43,43,1.0,1.4672236629994586
bidirectional,10,40,16,1106042,Heap-Based,43,43,1.0,0.0006068739985494176
bidirectional,10,40,17,1106043,ILP,42,42,1.0,0.15047621499979869
bidirectional,10,40,17,1106043,Heap-Based,42,42,1.0,0.0006326729999273084
bidirectional,10,40,18,1106044,ILP,33,33,1.0,0.04564695500084781
bidirectional,10,40,18,1106044,Heap-Based,33,33,1.0,0.0003346409994264832
bidirectional,10,40,19,1106045,ILP,37,37,1.0,0.04903614499926334
bidirectional,10,40,19,1106045,Heap-Based,37,37,1.0,0.0003498900005070027
bidirectional,10,40,20,1106046,ILP,37,37,1.0,0.021966406000501593
bidirectional,10,40,20,1106046,Heap-Based,37,37,1.0,0.0003367200006323401
bidirectional,10,40,21,1106047,ILP,41,41,1.0,0.16824400900077308
bidirectional,10,40,21,1106047,Heap-Based,41,41,1.0,0.0004013130001112586
bidirectional,10,40,22,1106048,ILP,41,41,1.0,0.16561255999840796
bidirectional,10,40,22,1106048,Heap-Based,41,41,1.0,0.0004669249992730329
bidirectional,10,40,23,1106049,ILP,45,45,1.0,0.04332390700074029
bidirectional,10,40,23,1106049,Heap-Based,45,45,1.0,0.0004754759993375046
bidirectional,10,40,24,1106050,ILP,35,35,1.0,0.09984087399971031
bidirectional,10,40,24,1106050,Heap-Based,35,35,1.0,0.00032556299993302673
bidirectional,10,40,25,1106051,ILP,41,41,1.0,0.04775782699834963
bidirectional,10,40,25,1106051,Heap-Based,41,41,1.0,0.0003822760008915793
bidirectional,10,40,26,1106052,ILP,38,38,1.0,0.026282336000804207
bidirectional,10,40,26,1106052,Heap-Based,38,38,1.0,0.0003513039991958067
bidirectional,10,40,27,1106053,ILP,36,36,1.0,0.02526124699943466
bidirectional,10,40,27,1106053,Heap-Based,36,36,1.0,0.00031729900001664646
bidirectional,10,40,28,1106054,ILP,41,41,1.0,0.053071717999046086
bidirectional,10,40,28,1106054,Heap-Based,41,41,1.0,0.00041430999954172876
bidirectional,10,40,29,1106055,ILP,44,44,1.0,0.513585819000582
bidirectional,10,40,29,1106055,Heap-Based,44,44,1.0,0.0005502189997059759
bidirectional,10,40,30,1106056,ILP,45,45,1.0,0.026060450998556917
bidirectional,10,40,30,1106056,Heap-Based,45,45,1.0,0.0004963110004609916
bidirectional,10,40,31,1106057,ILP,43,43,1.0,0.13405607099957706
bidirectional,10,40,31,1106057,Heap-Based,43,43,1.0,0.0004158179999649292
bidirectional,10,40,32,1106058,ILP,41,41,1.0,0.8002340980001463
bidirectional,10,40,32,1106058,Heap-Based,41,41,1.0,0.0004598399991664337
bidirectional,15,10,0,1153026,ILP,16,16,1.0,1.477159310999923
bidirectional,15,10,0,1153026,Heap-Based,16,16,1.0,0.00014188500063028187
bidirectional,15,10,1,1153027,ILP,19,19,1.0,11770.764554053
bidirectional,15,10,1,1153027,Heap-Based,19,19,1.0,0.00012950299787917174
bidirectional,15,10,2,1153028,ILP,16,16,1.0,0.6187272159986605
bidirectional,15,10,2,1153028,Heap-Based,16,16,1.0,0.0001313680004386697
bidirectional,15,10,3,1153029,ILP,16,16,1.0,1.8119503109992365
bidirectional,15,10,3,1153029,Heap-Based,16,16,1.0,0.00013138799840817228
bidirectional,15,10,4,1153030,ILP,14,14,1.0,0.33204646699959994
bidirectional,15,10,4,1153030,Heap-Based,14,14,1.0,0.00011609399734879844
bidirectional,15,10,5,1153031,ILP,15,15,1.0,0.08465480800077785
bidirectional,15,10,5,1153031,Heap-Based,15,15,1.0,0.0001741599990054965
bidirectional,15,10,6,1153032,ILP,13,13,1.0,0.3305248640026548
bidirectional,15,10,6,1153032,Heap-Based,13,13,1.0,0.00010839899914572015
bidirectional,15,10,7,1153033,ILP,16,16,1.0,10.729534777998197
bidirectional,15,10,7,1153033,Heap-Based,16,16,1.0,0.00012684900138992816
bidirectional,15,10,8,1153034,ILP,14,14,1.0,0.5013446340017254
bidirectional,15,10,8,1153034,Heap-Based,14,14,1.0,0.00010589999874355271
bidirectional,15,10,9,1153035,ILP,15,15,1.0,0.3203963419982756
bidirectional,15,10,9,1153035,Heap-Based,15,15,1.0,0.00012182999853393994
bidirectional,15,10,10,1153036,ILP,14,14,1.0,2.0572670659967116
bidirectional,15,10,10,1153036,Heap-Based,14,14,1.0,0.0001519859979453031
bidirectional,15,10,11,1153037,ILP,15,15,1.0,0.34511916400151676
bidirectional,15,10,11,1153037,Heap-Based,15,15,1.0,0.0001297879971389193
bidirectional,15,10,12,1153038,ILP,16,16,1.0,26.677384837999853
bidirectional,15,10,12,1153038,Heap-Based,16,16,1.0,0.00012357800005702302
bidirectional,15,10,13,1153039,ILP,15,15,1.0,0.9589395509974565
bidirectional,15,10,13,1153039,Heap-Based,15,15,1.0,0.00013471000056597404
bidirectional,15,10,14,1153040,ILP,15,15,1.0,0.08751733499957481
bidirectional,15,10,14,1153040,Heap-Based,15,15,1.0,0.00014395499965758063
bidirectional,15,10,15,1153041,ILP,16,16,1.0,0.23454338099691086
bidirectional,15,10,15,1153041,Heap-Based,16,16,1.0,0.00012942799730808474
bidirectional,15,10,16,1153042,ILP,12,12,1.0,0.20374381199872005
bidirectional,15,10,16,1153042,Heap-Based,12,12,1.0,0.00011812799857580103
bidirectional,15,10,17,1153043,ILP,20,20,1.0,7764.132676198002
bidirectional,15,10,17,1153043,Heap-Based,20,20,1.0,0.00014482800179393962
bidirectional,15,10,18,1153044,ILP,13,13,1.0,0.11538483700132929
bidirectional,15,10,18,1153044,Heap-Based,13,13,1.0,0.0001503040039096959
bidirectional,15,10,19,1153045,ILP,15,15,1.0,0.5115254819975235
bidirectional,15,10,19,1153045,Heap-Based,15,15,1.0,0.00013204999413574114
bidirectional,15,10,20,1153046,ILP,16,16,1.0,0.9656831760003115
bidirectional,15,10,20,1153046,Heap-Based,16,16,1.0,0.00015326800348702818
bidirectional,15,10,21,1153047,ILP,15,15,1.0,0.21158617499895627
bidirectional,15,10,21,1153047,Heap-Based,15,15,1.0,0.000154077002662234
bidirectional,15,10,22,1153048,ILP,14,14,1.0,0.12161568200099282
bidirectional,15,10,22,1153048,Heap-Based,14,14,1.0,0.00012078700092388317
bidirectional,15,10,23,1153049,ILP,15,15,1.0,0.08257181500084698
bidirectional,15,10,23,1153049,Heap-Based,15,15,1.0,0.00013495099847204983
bidirectional,15,10,24,1153050,ILP,13,13,1.0,0.19306105799478246
bidirectional,15,10,24,1153050,Heap-Based,13,13,1.0,0.00016644199786242098
bidirectional,15,10,25,1153051,ILP,16,16,1.0,0.4330208909959765
bidirectional,15,10,25,1153051,Heap-Based,16,16,1.0,0.00014405600086320192
bidirectional,15,10,26,1153052,ILP,16,16,1.0,1.0217933919993811
bidirectional,15,10,26,1153052,Heap-Based,16,16,1.0,0.00014685900532640517
bidirectional,15,10,27,1153053,ILP,14,14,1.0,23.411895914003253
bidirectional,15,10,27,1153053,Heap-Based,14,14,1.0,0.00010254699736833572
bidirectional,15,10,28,1153054,ILP,15,15,1.0,0.20745345499744872
bidirectional,15,10,28,1153054,Heap-Based,15,15,1.0,0.00015946599887683988
bidirectional,15,10,29,1153055,ILP,18,18,1.0,1261.5595042550049
bidirectional,15,10,29,1153055,Heap-Based,18,18,1.0,0.0001338259971817024
bidirectional,15,10,30,1153056,ILP,18,18,1.0,275.68775001899485
bidirectional,15,10,30,1153056,Heap-Based,18,18,1.0,0.0001264849997824058
bidirectional,15,10,31,1153057,ILP,16,16,1.0,1.5104210150020663
bidirectional,15,10,31,1153057,Heap-Based,16,16,1.0,0.00011879900557687506
bidirectional,15,10,32,1153058,ILP,15,15,1.0,1.2013105410005664
bidirectional,15,10,32,1153058,Heap-Based,15,15,1.0,0.00013912099529989064
bidirectional,15,20,0,1154026,ILP,21,21,1.0,0.418911651999224
bidirectional,15,20,0,1154026,Heap-Based,21,21,1.0,0.00021197699970798567
bidirectional,15,20,1,1154027,ILP,24,24,1.0,0.04316136400302639
bidirectional,15,20,1,1154027,Heap-Based,24,24,1.0,0.00020592600048985332
bidirectional,15,20,2,1154028,ILP,24,24,1.0,0.47361852600442944
bidirectional,15,20,2,1154028,Heap-Based,24,24,1.0,0.0002267400050186552
bidirectional,15,20,3,1154029,ILP,25,25,1.0,0.7593590910037165
bidirectional,15,20,3,1154029,Heap-Based,25,25,1.0,0.0003245710031478666
bidirectional,15,20,4,1154030,ILP,23,23,1.0,0.27601496299757855
bidirectional,15,20,4,1154030,Heap-Based,23,23,1.0,0.00024544999905629084
bidirectional,15,20,5,1154031,ILP,24,24,1.0,0.5044908749987371
bidirectional,15,20,5,1154031,Heap-Based,24,24,1.0,0.0002436680006212555
bidirectional,15,20,6,1154032,ILP,23,23,1.0,0.1692610419995617
bidirectional,15,20,6,1154032,Heap-Based,23,23,1.0,0.0002501760027371347
bidirectional,15,20,7,1154033,ILP,24,24,1.0,0.3225171909944038
bidirectional,15,20,7,1154033,Heap-Based,24,24,1.0,0.000259277003351599
bidirectional,15,20,8,1154034,ILP,23,23,1.0,0.620326071002637
bidirectional,15,20,8,1154034,Heap-Based,23,23,1.0,0.00025408199871890247
bidirectional,15,20,9,1154035,ILP,24,24,1.0,0.4439124720011023
bidirectional,15,20,9,1154035,Heap-Based,24,24,1.0,0.0002567269984865561
bidirectional,15,20,10,1154036,ILP,24,24,1.0,0.5455691640017903
bidirectional,15,20,10,1154036,Heap-Based,24,24,1.0,0.00025368699425598606
bidirectional,15,20,11,1154037,ILP,23,23,1.0,0.701612432996626
bidirectional,15,20,11,1154037,Heap-Based,23,23,1.0,0.0002631430033943616
bidirectional,15,20,12,1154038,ILP,22,22,1.0,1.459167499000614
bidirectional,15,20,12,1154038,Heap-Based,22,22,1.0,0.0002457209993735887
bidirectional,15,20,13,1154039,ILP,24,24,1.0,0.9847503010023502
bidirectional,15,20,13,1154039,Heap-Based,24,24,1.0,0.00025339899730170146
bidirectional,15,20,14,1154040,ILP,25,25,1.0,1.381276825995883
bidirectional,15,20,14,1154040,Heap-Based,25,25,1.0,0.00028891699912492186
bidirectional,15,20,15,1154041,ILP,23,23,1.0,2.0509043310012203
bidirectional,15,20,15,1154041,Heap-Based,23,23,1.0,0.0002920810002251528
bidirectional,15,20,16,1154042,ILP,22,22,1.0,0.6720440200006124
bidirectional,15,20,16,1154042,Heap-Based,22,22,1.0,0.00021552800171775743
bidirectional,15,20,17,1154043,ILP,23,23,1.0,0.4126162859975011
bidirectional,15,20,17,1154043,Heap-Based,23,23,1.0,0.00028888200176879764
bidirectional,15,20,18,1154044,ILP,23,23,1.0,0.23220534300344298
bidirectional,15,20,18,1154044,Heap-Based,23,23,1.0,0.0001970149969565682
bidirectional,15,20,19,1154045,ILP,23,23,1.0,0.7383109410002362
bidirectional,15,20,19,1154045,Heap-Based,23,23,1.0,0.0003633699961937964
bidirectional,15,20,20,1154046,ILP,24,24,1.0,0.578504213000997
bidirectional,15,20,20,1154046,Heap-Based,24,24,1.0,0.00022902899945620447
bidirectional,15,20,21,1154047,ILP,24,24,1.0,0.3527038869942771
bidirectional,15,20,21,1154047,Heap-Based,24,24,1.0,0.0002727960018091835
bidirectional,15,20,22,1154048,ILP,23,23,1.0,0.5904786709943437
bidirectional,15,20,22,1154048,Heap-Based,23,23,1.0,0.0003014449976035394
bidirectional,15,20,23,1154049,ILP,22,22,1.0,0.16790111400041496
bidirectional,15,20,23,1154049,Heap-Based,22,22,1.0,0.0002010000025620684
bidirectional,15,20,24,1154050,ILP,24,24,1.0,0.3964806000003591
bidirectional,15,20,24,1154050,Heap-Based,24,24,1.0,0.00025547399854985997
bidirectional,15,20,25,1154051,ILP,23,23,1.0,0.16658138699858682
bidirectional,15,20,25,1154051,Heap-Based,23,23,1.0,0.0002563500020187348
bidirectional,15,20,26,1154052,ILP,24,24,1.0,0.35919063100300264
bidirectional,15,20,26,1154052,Heap-Based,24,24,1.0,0.00029589900077553466
bidirectional,15,20,27,1154053,ILP,22,22,1.0,0.16891951800062088
bidirectional,15,20,27,1154053,Heap-Based,22,22,1.0,0.00025290399935329333
bidirectional,15,20,28,1154054,ILP,23,23,1.0,0.5456794829951832
bidirectional,15,20,28,1154054,Heap-Based,23,23,1.0,0.00020043599943164736
bidirectional,15,20,29,1154055,ILP,25,25,1.0,0.23582924299989827
bidirectional,15,20,29,1154055,Heap-Based,25,25,1.0,0.00019786700431723148
bidirectional,15,20,30,1154056,ILP,21,21,1.0,0.2103607919998467
bidirectional,15,20,30,1154056,Heap-Based,21,21,1.0,0.00023191099899122491
bidirectional,15,20,31,1154057,ILP,23,23,1.0,0.4957701070015901
bidirectional,15,20,31,1154057,Heap-Based,23,23,1.0,0.0001977399952011183
bidirectional,15,20,32,1154058,ILP,22,22,1.0,0.31510818900278537
bidirectional,15,20,32,1154058,Heap-Based,22,22,1.0,0.00021219799964455888
bidirectional,15,30,0,1155026,ILP,36,36,1.0,17.338883315998828
bidirectional,15,30,0,1155026,Heap-Based,36,36,1.0,0.0004991620007785968
bidirectional,15,30,1,1155027,ILP,32,32,1.0,0.4993198840020341
bidirectional,15,30,1,1155027,Heap-Based,32,32,1.0,0.00031296900124289095
bidirectional,15,30,2,1155028,ILP,35,35,1.0,0.8538513960011187
bidirectional,15,30,2,1155028,Heap-Based,35,35,1.0,0.00042743499943753704
bidirectional,15,30,3,1155029,ILP,34,34,1.0,0.3798735430027591
bidirectional,15,30,3,1155029,Heap-Based,34,34,1.0,0.00035578099777922034
bidirectional,15,30,4,1155030,ILP,32,32,1.0,0.42933615000220016
bidirectional,15,30,4,1155030,Heap-Based,32,32,1.0,0.0003747689988813363
bidirectional,15,30,5,1155031,ILP,34,34,1.0,1.2838693730009254
bidirectional,15,30,5,1155031,Heap-Based,34,34,1.0,0.0004579129963531159
bidirectional,15,30,6,1155032,ILP,31,31,1.0,0.16245122600230388
bidirectional,15,30,6,1155032,Heap-Based,31,31,1.0,0.0002927609966718592
bidirectional,15,30,7,1155033,ILP,33,33,1.0,0.6178053249968798
bidirectional,15,30,7,1155033,Heap-Based,33,33,1.0,0.0003908419967046939
bidirectional,15,30,8,1155034,ILP,31,31,1.0,0.1544037979983841
bidirectional,15,30,8,1155034,Heap-Based,31,31,1.0,0.0002562220033723861
bidirectional,15,30,9,1155035,ILP,29,29,1.0,0.23583864399552112
bidirectional,15,30,9,1155035,Heap-Based,29,29,1.0,0.00031464499625144526
bidirectional,15,30,10,1155036,ILP,32,32,1.0,0.5796085660040262
bidirectional,15,30,10,1155036,Heap-Based,32,32,1.0,0.0003278010044596158
bidirectional,15,30,11,1155037,ILP,29,29,1.0,0.29024100999959046
bidirectional,15,30,11,1155037,Heap-Based,29,29,1.0,0.0003100280009675771
bidirectional,15,30,12,1155038,ILP,28,28,1.0,0.3827651079991483
bidirectional,15,30,12,1155038,Heap-Based,28,28,1.0,0.0002781310031423345
bidirectional,15,30,13,1155039,ILP,31,31,1.0,0.7639569399980246
bidirectional,15,30,13,1155039,Heap-Based,31,31,1.0,0.00040866899507818744
bidirectional,15,30,14,1155040,ILP,34,34,1.0,1.4342202819971135
bidirectional,15,30,14,1155040,Heap-Based,34,34,1.0,0.0004557819993351586
bidirectional,15,30,15,1155041,ILP,31,31,1.0,1.1154116979960236
bidirectional,15,30,15,1155041,Heap-Based,31,31,1.0,0.00035994299832964316
bidirectional,15,30,16,1155042,ILP,34,34,1.0,0.17024279099859996
bidirectional,15,30,16,1155042,Heap-Based,34,34,1.0,0.0003322909979033284
bidirectional,15,30,17,1155043,ILP,33,33,1.0,0.06195572500291746
bidirectional,15,30,17,1155043,Heap-Based,33,33,1.0,0.0003409959972486831
bidirectional,15,30,18,1155044,ILP,34,34,1.0,0.6389041650036233
bidirectional,15,30,18,1155044,Heap-Based,34,34,1.0,0.0004557450010906905
bidirectional,15,30,19,1155045,ILP,30,30,1.0,0.7318793859958532
bidirectional,15,30,19,1155045,Heap-Based,30,30,1.0,0.0003240189980715513
bidirectional,15,30,20,1155046,ILP,30,30,1.0,0.5227538120016106
bidirectional,15,30,20,1155046,Heap-Based,30,30,1.0,0.00041170400072587654
bidirectional,15,30,21,1155047,ILP,34,34,1.0,0.5390622389968485
bidirectional,15,30,21,1155047,Heap-Based,34,34,1.0,0.0003969169993069954
bidirectional,15,30,22,1155048,ILP,32,32,1.0,0.23418692400446162
bidirectional,15,30,22,1155048,Heap-Based,32,32,1.0,0.00026781299675349146
bidirectional,15,30,23,1155049,ILP,33,33,1.0,1.1951901330030523
bidirectional,15,30,23,1155049,Heap-Based,33,33,1.0,0.0004399069948703982
bidirectional,15,30,24,1155050,ILP,34,34,1.0,2.1614682610015734
bidirectional,15,30,24,1155050,Heap-Based,34,34,1.0,0.0005124470044393092
bidirectional,15,30,25,1155051,ILP,34,34,1.0,3.9640566279995255
bidirectional,15,30,25,1155051,Heap-Based,34,34,1.0,0.0005039969983045012
bidirectional,15,30,26,1155052,ILP,32,32,1.0,0.30452790100389393
bidirectional,15,30,26,1155052,Heap-Based,32,32,1.0,0.00036099999852012843
bidirectional,15,30,27,1155053,ILP,30,30,1.0,0.40713474999938626
bidirectional,15,30,27,1155053,Heap-Based,30,30,1.0,0.0003704049959196709
bidirectional,15,30,28,1155054,ILP,32,32,1.0,1.4363657799985958
bidirectional,15,30,28,1155054,Heap-Based,32,32,1.0,0.00036701199860544875
bidirectional,15,30,29,1155055,ILP,32,32,1.0,0.24870020499656675
bidirectional,15,30,29,1155055,Heap-Based,32,32,1.0,0.00038917599886190146
bidirectional,15,30,30,1155056,ILP,30,30,1.0,0.40450657100154785
bidirectional,15,30,30,1155056,Heap-Based,30,30,1.0,0.0003715249986271374
bidirectional,15,30,31,1155057,ILP,32,32,1.0,0.02865516500605736
bidirectional,15,30,31,1155057,Heap-Based,32,32,1.0,0.0003140420012641698
bidirectional,15,30,32,1155058,ILP,33,33,1.0,0.5076150829991093
bidirectional,15,30,32,1155058,Heap-Based,33,33,1.0,0.0003957619992434047
bidirectional,15,40,0,1156026,ILP,42,42,1.0,1.5129984900049749
bidirectional,15,40,0,1156026,Heap-Based,42,42,1.0,0.00045969500206410885
bidirectional,15,40,1,1156027,ILP,40,40,1.0,1.316270285002247
bidirectional,15,40,1,1156027,Heap-Based,40,40,1.0,0.0004712650043074973
bidirectional,15,40,2,1156028,ILP,45,45,1.0,0.09220515000197338
bidirectional,15,40,2,1156028,Heap-Based,45,45,1.0,0.0006331399999908172
bidirectional,15,40,3,1156029,ILP,43,43,1.0,0.600679625000339
bidirectional,15,40,3,1156029,Heap-Based,43,43,1.0,0.0006336620062938891
bidirectional,15,40,4,1156030,ILP,43,43,1.0,0.4575651650011423
bidirectional,15,40,4,1156030,Heap-Based,43,43,1.0,0.0005199770021135919
bidirectional,15,40,5,1156031,ILP,43,43,1.0,0.535073619998002
bidirectional,15,40,5,1156031,Heap-Based,43,43,1.0,0.0006309549935394898
bidirectional,15,40,6,1156032,ILP,43,43,1.0,0.7608036099991295
bidirectional,15,40,6,1156032,Heap-Based,43,43,1.0,0.0005275169969536364
bidirectional,15,40,7,1156033,ILP,44,44,1.0,1.0464043949978077
bidirectional,15,40,7,1156033,Heap-Based,44,44,1.0,0.0006083379994379357
bidirectional,15,40,8,1156034,ILP,44,44,1.0,0.7571360069996445
bidirectional,15,40,8,1156034,Heap-Based,44,44,1.0,0.0005277680029394105
bidirectional,15,40,9,1156035,ILP,40,40,1.0,0.5425792019959772
bidirectional,15,40,9,1156035,Heap-Based,40,40,1.0,0.0005154739992576651
bidirectional,15,40,10,1156036,ILP,38,38,1.0,0.23583012099697953
bidirectional,15,40,10,1156036,Heap-Based,38,38,1.0,0.0004197160014882684
bidirectional,15,40,11,1156037,ILP,40,40,1.0,0.6983466680030688
bidirectional,15,40,11,1156037,Heap-Based,40,40,1.0,0.0005952210049144924
bidirectional,15,40,12,1156038,ILP,42,42,1.0,2.761884071995155
bidirectional,15,40,12,1156038,Heap-Based,42,42,1.0,0.0006046100024832413
bidirectional,15,40,13,1156039,ILP,42,42,1.0,0.8005081590017653
bidirectional,15,40,13,1156039,Heap-Based,42,42,1.0,0.0006614150042878464
bidirectional,15,40,14,1156040,ILP,43,43,1.0,0.7486210150018451
bidirectional,15,40,14,1156040,Heap-Based,43,43,1.0,0.000713992994860746
bidirectional,15,40,15,1156041,ILP,41,41,1.0,0.5347270860002027
bidirectional,15,40,15,1156041,Heap-Based,41,41,1.0,0.0004988650034647435
bidirectional,15,40,16,1156042,ILP,43,43,1.0,0.9320584810047876
bidirectional,15,40,16,1156042,Heap-Based,43,43,1.0,0.0005224859996815212
bidirectional,15,40,17,1156043,ILP,43,43,1.0,0.32957519599585794
bidirectional,15,40,17,1156043,Heap-Based,43,43,1.0,0.00046249700244516134
bidirectional,15,40,18,1156044,ILP,38,38,1.0,0.3603210610017413
bidirectional,15,40,18,1156044,Heap-Based,38,38,1.0,0.00048296100430889055
bidirectional,15,40,19,1156045,ILP,37,37,1.0,0.08056202899751952
bidirectional,15,40,19,1156045,Heap-Based,37,37,1.0,0.0004935600009048358
bidirectional,15,40,20,1156046,ILP,43,43,1.0,0.8734259019984165
bidirectional,15,40,20,1156046,Heap-Based,43,43,1.0,0.0005355569956009276
bidirectional,15,40,21,1156047,ILP,36,36,1.0,0.1281493229980697
bidirectional,15,40,21,1156047,Heap-Based,36,36,1.0,0.0002957320029963739
bidirectional,15,40,22,1156048,ILP,40,40,1.0,0.6706835969962412
bidirectional,15,40,22,1156048,Heap-Based,40,40,1.0,0.0006191829961608164
bidirectional,15,40,23,1156049,ILP,43,43,1.0,0.7094672710009036
bidirectional,15,40,23,1156049,Heap-Based,43,43,1.0,0.0004962519960827194
bidirectional,15,40,24,1156050,ILP,44,44,1.0,1.225656237002113
bidirectional,15,40,24,1156050,Heap-Based,44,44,1.0,0.0005633769978885539
bidirectional,15,40,25,1156051,ILP,40,40,1.0,1.0398509949955042
bidirectional,15,40,25,1156051,Heap-Based,40,40,1.0,0.0004932309966534376
bidirectional,15,40,26,1156052,ILP,44,44,1.0,0.16246494300139602
bidirectional,15,40,26,1156052,Heap-Based,44,44,1.0,0.0005559319979511201
bidirectional,15,40,27,1156053,ILP,38,38,1.0,0.19178357800410595
bidirectional,15,40,27,1156053,Heap-Based,38,38,1.0,0.0005667540026479401
bidirectional,15,40,28,1156054,ILP,44,44,1.0,1.9753062070012675
bidirectional,15,40,28,1156054,Heap-Based,44,44,1.0,0.0006946290013729595
bidirectional,15,40,29,1156055,ILP,38,38,1.0,2.4862664320025942
bidirectional,15,40,29,1156055,Heap-Based,38,38,1.0,0.0005151579971425235
bidirectional,15,40,30,1156056,ILP,42,42,1.0,1.3912151280019316
bidirectional,15,40,30,1156056,Heap-Based,42,42,1.0,0.0008063630011747591
bidirectional,15,40,31,1156057,ILP,44,44,1.0,0.44421624900132883
bidirectional,15,40,31,1156057,Heap-Based,44,44,1.0,0.0006048459981684573
bidirectional,15,40,32,1156058,ILP,40,40,1.0,0.7138846009984263
bidirectional,15,40,32,1156058,Heap-Based,40,40,1.0,0.0006467539933510125
